ཀ་ཀོ་ལའི,ཀ་ཀོ་ལ
ཀ་ཁའི,ཀ་ཁ
ཀ་པའི,ཀ་པ
ཀ་པས,ཀ་པ
ཀ་བའི,ཀ་བ
ཀ་ཤི་མཛེས་དགས,ཀ་ཤི་མཛེས་དགའ
ཀརྨ་པའི,ཀརྨ་པ
ཀུ་བའི,ཀུ་བ
ཀུ་མཱ་རའི,ཀུ་མཱ་ར
ཀུན་དགའི,ཀུན་དག
ཀུན་དགའི,ཀུན་དགའ
ཀུན་བཟང་སྒྲོལ་མའི,ཀུན་བཟང་སྒྲོལ་མ
ཀོ་བའི,ཀོ་བ
ཀོ་དམར,ཀོ་དམ
ཀྱིན་པའི,ཀྱིན་པ
ཀྲུང་གོ་བའི,ཀྲུང་གོ་བ
ཀྲུང་གོ་བས,ཀྲུང་གོ་བ
ཀྲུང་ཧྭའི,ཀྲུང་ཧྭ
ཀྲོམ་ལས,ཀྲོམ་ལ
ཀླད་པའི,ཀླད་པ
ཀླད་པར,ཀླད་པ
ཀློག་པའི,ཀློག་པ
ཀློག་པར,ཀློག་པ
ཀློང་བརྡོལ་བར,ཀློང་བརྡོལ་བ
ཀློང་བརྡོལ་བས,ཀློང་བརྡོལ་བ
དཀའ་བའི,དཀའ་བ
དཀའ་བར,དཀའ་བ
དཀའ་བས,དཀའ་བ
དཀར་སྐྱར,དཀར་སྐྱ
དཀར་ཆའི,དཀར་ཆ
དཀར་ཆས,དཀར་ཆ
དཀར་བའི,དཀར་བ
དཀར་བར,དཀར་བ
དཀར་ཤས,དཀར་ཤ
དཀོན་པའི,དཀོན་པ
དཀོན་པར,དཀོན་པ
དཀོན་པས,དཀོན་པ
དཀྱིལ་མའི,དཀྱིལ་མ
དཀྱུས་མའི,དཀྱུས་མ
དཀྲིགས་པའི,དཀྲིགས་པ
དཀྲིས་པའི,དཀྲིས་པ
དཀྲུག་པའི,དཀྲུག་པ
དཀྲུགས་པའི,དཀྲུགས་པ
དཀྲོག་པའི,དཀྲོག་པ
དཀྲོགས་པའི,དཀྲོགས་པ
དཀྲོལ་བའི,དཀྲོལ་བ
བཀག་རྒྱའི,བཀག་རྒྱ
བཀག་རྒྱར,བཀག་རྒྱ
བཀང་བའི,བཀང་བ
བཀབ་པའི,བཀབ་པ
བཀབ་པར,བཀབ་པ
བཀའ་རྒྱ་མའི,བཀའ་རྒྱ་མ
བཀའ་བརྒྱུད་པའི,བཀའ་བརྒྱུད་པ
བཀའ་བརྒྱུད་པར,བཀའ་བརྒྱུད་པ
བཀའ་གདམས་པའི,བཀའ་གདམས་པ
བཀའ་གདམས་པར,བཀའ་གདམས་པ
བཀའ་པོད་ལྔར,བཀའ་པོད་ལྔ
བཀའ་མི་ལོག་པའི,བཀའ་མི་ལོག་པ
བཀའ་སྩལ་བའི,བཀའ་སྩལ་བ
བཀའ་སྩལ་བས,བཀའ་སྩལ་བ
བཀའ་བསྩལ་བས,བཀའ་བསྩལ་བ
བཀར་བའི,བཀར་བ
བཀར་བར,བཀར་བ
བཀལ་བའི,བཀལ་བ
བཀུག་པའི,བཀུག་པ
བཀུག་པས,བཀུག་པ
བཀུགས་པའི,བཀུགས་པ
བཀུར་བའི,བཀུར་བ
བཀུར་བར,བཀུར་བ
བཀུར་བྱའི,བཀུར་བྱ
བཀོད་པའི,བཀོད་པ
བཀོད་པར,བཀོད་པ
བཀོད་པས,བཀོད་པ
བཀོལ་བའི,བཀོལ་བ
བཀྱེ་བའི,བཀྱེ་བ
བཀྲ་བའི,བཀྲ་བ
བཀྲ་བར,བཀྲ་བ
བཀྲ་མའི,བཀྲ་མ
བཀྲ་ཤིས་གྲགས་པའི,བཀྲ་ཤིས་གྲགས་པ
བཀྲ་ཤིས་གྲགས་པར,བཀྲ་ཤིས་གྲགས་པ
བཀྲ་ཤིས་གྲགས་པས,བཀྲ་ཤིས་གྲགས་པ
བཀྲ་ཤིས་པའི,བཀྲ་ཤིས་པ
བཀྲ་ཤིས་པར,བཀྲ་ཤིས་པ
བཀྲ་ཤིས་མས,བཀྲ་ཤིས་མ
བཀྲ་ཤིས་ཟླ་བའི,བཀྲ་ཤིས་ཟླ་བ
བཀྲམ་པའི,བཀྲམ་པ
བཀྲམ་པས,བཀྲམ་པ
བཀྲམས་པའི,བཀྲམས་པ
བཀྲལ་བའི,བཀྲལ་བ
བཀྲལ་བར,བཀྲལ་བ
བཀྲུ་སའི,བཀྲུ་ས
བཀྲུས་པའི,བཀྲུས་པ
བཀྲོལ་བར,བཀྲོལ་བ
བཀླགས་པའི,བཀླགས་པ
བཀླགས་པར,བཀླགས་པ
བཀླགས་པས,བཀླགས་པ
བཀླུབས་པའི,བཀླུབས་པ
རྐང་མགྱོགས་པས,རྐང་མགྱོགས་པ
རྐང་པའི,རྐང་པ
རྐང་པར,རྐང་པ
རྐང་པས,རྐང་པ
རྐང་ཚའི,རྐང་ཚ
རྐང་འཛིན་པའི,རྐང་འཛིན་པ
རྐང་འཛིན་པས,རྐང་འཛིན་པ
རྐུན་མའི,རྐུན་མ
རྐུན་མས,རྐུན་མ
རྐེད་པའི,རྐེད་པ
རྐེད་པར,རྐེད་པ
རྐོ་མའི,རྐོ་མ
རྐྱང་པའི,རྐྱང་པ
རྐྱང་པར,རྐྱང་པ
རྐྱང་པས,རྐྱང་པ
རྐྱང་བའི,རྐྱང་བ
རྐྱང་མའི,རྐྱང་མ
རྐྱལ་བའི,རྐྱལ་བ
རྐྱེན་པས,རྐྱེན་པ
ལྐུག་པར,ལྐུག་པ
ལྐུགས་པའི,ལྐུགས་པ
སྐད་ཅིག་མའི,སྐད་ཅིག་མ
སྐད་ཅིག་མར,སྐད་ཅིག་མ
སྐད་ཆའི,སྐད་ཆ
སྐད་ཆར,སྐད་ཆ
སྐད་ཆས,སྐད་ཆ
སྐད་གཉིས་སྨྲ་བའི,སྐད་གཉིས་སྨྲ་བ
སྐད་བརྡའི,སྐད་བརྡ
སྐད་བརྡར,སྐད་བརྡ
སྐད་པའི,སྐད་པ
སྐབས་འགར,སྐབས་འག
སྐབས་འགར,སྐབས་འགའ
སྐབས་གསུམ་པའི,སྐབས་གསུམ་པ
སྐམ་པའི,སྐམ་པ
སྐམ་པར,སྐམ་པ
སྐམ་སའི,སྐམ་ས
སྐམ་སར,སྐམ་ས
སྐམས་ཤའི,སྐམས་ཤ
སྐར་ལྔའི,སྐར་ལྔ
སྐར་ཆའི,སྐར་ཆ
སྐར་མའི,སྐར་མ
སྐར་རྩིས་རིག་པའི,སྐར་རྩིས་རིག་པ
སྐལ་བཟང་གྲགས་པའི,སྐལ་བཟང་གྲགས་པ
སྐུ་འདྲའི,སྐུ་འདྲ
སྐུ་ཕྱྭའི,སྐུ་ཕྱྭ
སྐུ་ཕྱྭར,སྐུ་ཕྱྭ
སྐུ་ཕྲེང་དྲུག་པའི,སྐུ་ཕྲེང་དྲུག་པ
སྐུ་གཤེགས་པའི,སྐུ་གཤེགས་པ
སྐུ་གཤེགས་པར,སྐུ་གཤེགས་པ
སྐུང་བའི,སྐུང་བ
སྐུད་པའི,སྐུད་པ
སྐུད་པས,སྐུད་པ
སྐུར་བའི,སྐུར་བ
སྐུལ་བའི,སྐུལ་བ
སྐུལ་མར,སྐུལ་མ
སྐེད་པའི,སྐེད་པ
སྐེད་པར,སྐེད་པ
སྐོང་བར,སྐོང་བ
སྐོམ་པས,སྐོམ་པ
སྐོར་བའི,སྐོར་བ
སྐོར་བར,སྐོར་བ
སྐོལ་བའི,སྐོལ་བ
སྐོལ་བར,སྐོལ་བ
སྐྱ་བའི,སྐྱ་བ
སྐྱ་སར,སྐྱ་ས
སྐྱག་པའི,སྐྱག་པ
སྐྱིད་པའི,སྐྱིད་པ
སྐྱིད་པར,སྐྱིད་པ
སྐྱུག་བྲོ་བའི,སྐྱུག་བྲོ་བ
སྐྱུར་བའི,སྐྱུར་བ
སྐྱེ་བ་ཕྱི་མའི,སྐྱེ་བ་ཕྱི་མ
སྐྱེ་བའི,སྐྱེ་བ
སྐྱེ་བར,སྐྱེ་བ
སྐྱེ་སའི,སྐྱེ་ས
སྐྱེད་པའི,སྐྱེད་པ
སྐྱེད་པར,སྐྱེད་པ
སྐྱེན་པར,སྐྱེན་པ
སྐྱེལ་པའི,སྐྱེལ་པ
སྐྱེལ་བའི,སྐྱེལ་བ
སྐྱེལ་བར,སྐྱེལ་བ
སྐྱེལ་བས,སྐྱེལ་བ
སྐྱེལ་མའི,སྐྱེལ་མ
སྐྱེས་ཆེན་དམ་པའི,སྐྱེས་ཆེན་དམ་པ
སྐྱེས་ནས,སྐྱེས་ན
སྐྱེས་པའི,སྐྱེས་པ
སྐྱེས་པར,སྐྱེས་པ
སྐྱེས་པས,སྐྱེས་པ
སྐྱེས་བུ་དམ་པའི,སྐྱེས་བུ་དམ་པ
སྐྱེས་མའི,སྐྱེས་མ
སྐྱོ་བའི,སྐྱོ་བ
སྐྱོ་བར,སྐྱོ་བ
སྐྱོ་བས,སྐྱོ་བ
སྐྱོ་མར,སྐྱོ་མ
སྐྱོང་བའི,སྐྱོང་བ
སྐྱོང་བར,སྐྱོང་བ
སྐྱོང་བས,སྐྱོང་བ
སྐྱོད་པའི,སྐྱོད་པ
སྐྱོན་པའི,སྐྱོན་པ
སྐྱོབ་པའི,སྐྱོབ་པ
སྐྱོབ་པར,སྐྱོབ་པ
སྐྱོབ་པས,སྐྱོབ་པ
སྐྱོབས་པའི,སྐྱོབས་པ
སྐྱོམ་པར,སྐྱོམ་པ
སྐྲག་པའི,སྐྲག་པ
སྐྲུན་པར,སྐྲུན་པ
བརྐུས་པའི,བརྐུས་པ
བརྐོ་བའི,བརྐོ་བ
བརྐོ་བར,བརྐོ་བ
བརྐོས་པའི,བརྐོས་པ
བརྐྱངས་པའི,བརྐྱངས་པ
བསྐང་བར,བསྐང་བ
བསྐངས་པས,བསྐངས་པ
བསྐམས་པའི,བསྐམས་པ
བསྐལ་པའི,བསྐལ་པ
བསྐལ་པར,བསྐལ་པ
བསྐལ་བའི,བསྐལ་བ
བསྐལ་བར,བསྐལ་བ
བསྐལ་བས,བསྐལ་བ
བསྐུར་པའི,བསྐུར་པ
བསྐུར་པས,བསྐུར་པ
བསྐུར་བའི,བསྐུར་བ
བསྐུར་བར,བསྐུར་བ
བསྐུལ་པའི,བསྐུལ་པ
བསྐུལ་བས,བསྐུལ་བ
བསྐོར་བའི,བསྐོར་བ
བསྐོར་བར,བསྐོར་བ
བསྐོར་བས,བསྐོར་བ
བསྐོལ་བའི,བསྐོལ་བ
བསྐོལ་བས,བསྐོལ་བ
བསྐོས་པའི,བསྐོས་པ
བསྐྱངས་པའི,བསྐྱངས་པ
བསྐྱངས་པར,བསྐྱངས་པ
བསྐྱངས་པས,བསྐྱངས་པ
བསྐྱར་མའི,བསྐྱར་མ
བསྐྱལ་པས,བསྐྱལ་པ
བསྐྱུར་བའི,བསྐྱུར་བ
བསྐྱུར་བས,བསྐྱུར་བ
བསྐྱེད་པའི,བསྐྱེད་པ
བསྐྱེད་པར,བསྐྱེད་པ
བསྐྱེད་པས,བསྐྱེད་པ
བསྐྱོད་པའི,བསྐྱོད་པ
བསྐྱོད་པར,བསྐྱོད་པ
བསྐྱོན་པའི,བསྐྱོན་པ
བསྐྱོན་པར,བསྐྱོན་པ
བསྐྱོན་པས,བསྐྱོན་པ
བསྐྲུན་པའི,བསྐྲུན་པ
བསྐྲུན་པར,བསྐྲུན་པ
བསྐྲུན་པས,བསྐྲུན་པ
ཁ་ཁར,ཁ་ཁ
ཁ་གྱའི,ཁ་གྱ
ཁ་རྒྱག་པའི,ཁ་རྒྱག་པ
ཁ་ཆར,ཁ་ཆ
ཁ་ཏའི,ཁ་ཏ
ཁ་བརྡའི,ཁ་བརྡ
ཁ་བརྡར,ཁ་བརྡ
ཁ་པའི,ཁ་པ
ཁ་པར,ཁ་པ
ཁ་པས,ཁ་པ
ཁ་ཕྱོགས་པའི,ཁ་ཕྱོགས་པ
ཁ་བའི,ཁ་བ
ཁ་བས,ཁ་བ
ཁ་བྱས,ཁ་བྱ
ཁ་བྲལ་བའི,ཁ་བྲལ་བ
ཁ་ཚ་བའི,ཁ་ཚ་བ
ཁ་ཚར,ཁ་ཚ
ཁ་ཡར,ཁ་ཡ
ཁ་རས,ཁ་ར
ཁ་ལས,ཁ་ལ
ཁ་ལོ་པས,ཁ་ལོ་པ
ཁ་ལོ་བའི,ཁ་ལོ་བ
ཁ་ཤས,ཁ་ཤ
ཁ་གསོ་བའི,ཁ་གསོ་བ
ཁ་གསོ་བར,ཁ་གསོ་བ
ཁང་པའི,ཁང་པ
ཁང་པས,ཁང་པ
ཁང་བའི,ཁང་བ
ཁང་བར,ཁང་བ
ཁང་སར,ཁང་ས
ཁད་པའི,ཁད་པ
ཁམས་པའི,ཁམས་པ
ཁམས་པས,ཁམས་པ
ཁམས་རའི,ཁམས་ར
ཁལ་ཁའི,ཁལ་ཁ
ཁལ་པའི,ཁལ་པ
ཁས་བླངས་པའི,ཁས་བླངས་པ
ཁས་ལེན་པའི,ཁས་ལེན་པ
ཁས་ལེན་པར,ཁས་ལེན་པ
ཁས་ལེན་པས,ཁས་ལེན་པ
ཁཱ་ན་ཏའི,ཁཱ་ན་ཏ
ཁུ་བའི,ཁུ་བ
ཁུ་བར,ཁུ་བ
ཁུ་བས,ཁུ་བ
ཁུ་སིམ་པའི,ཁུ་སིམ་པ
ཁུག་པར,ཁུག་པ
ཁུག་མར,ཁུག་མ
ཁུར་བའི,ཁུར་བ
ཁུར་བས,ཁུར་བ
ཁེ་ལས་པའི,ཁེ་ལས་པ
ཁེངས་པའི,ཁེངས་པ
ཁེངས་པས,ཁེངས་པ
ཁེངས་བའི,ཁེངས་བ
ཁེབས་པའི,ཁེབས་པ
ཁེལ་བའི,ཁེལ་བ
ཁེལ་བར,ཁེལ་བ
ཁེལ་བས,ཁེལ་བ
ཁོ་ནའི,ཁོ་ན
ཁོ་ནར,ཁོ་ན
ཁོ་ནས,ཁོ་ན
ཁོ་པར,ཁོ་པ
ཁོ་པས,ཁོ་པ
ཁོག་རྒྱས,ཁོག་རྒྱ
ཁོག་པའི,ཁོག་པ
ཁོང་དུ་ཆུད་པར,ཁོང་དུ་ཆུད་པ
ཁོང་མར,ཁོང་མ
ཁོད་ཡངས་པའི,ཁོད་ཡངས་པ
ཁོལ་མའི,ཁོལ་མ
ཁྭ་ཏའི,ཁྭ་ཏ
ཁྭ་ཏས,ཁྭ་ཏ
ཁྱད་ཆོས་ལྡན་པའི,ཁྱད་ཆོས་ལྡན་པ
ཁྱད་དུ་འཕགས་པའི,ཁྱད་དུ་འཕགས་པ
ཁྱད་དུ་འཕགས་པར,ཁྱད་དུ་འཕགས་པ
ཁྱད་པར,ཁྱད་པ
ཁྱད་མཚར་བའི,ཁྱད་མཚར་བ
ཁྱབ་རྒྱ་ཆེ་བས,ཁྱབ་རྒྱ་ཆེ་བ
ཁྱབ་ཆེ་བའི,ཁྱབ་ཆེ་བ
ཁྱབ་ཆེ་བས,ཁྱབ་ཆེ་བ
ཁྱབ་པའི,ཁྱབ་པ
ཁྱབ་པར,ཁྱབ་པ
ཁྱབ་པས,ཁྱབ་པ
ཁྱིམ་བདག་མའི,ཁྱིམ་བདག་མ
ཁྱིམ་བདག་མར,ཁྱིམ་བདག་མ
ཁྱིམ་པའི,ཁྱིམ་པ
ཁྱེད་པར,ཁྱེད་པ
ཁྱེར་བའི,ཁྱེར་བ
ཁྱོ་གའི,ཁྱོ་ག
ཁྱོ་གས,ཁྱོ་ག
ཁྱོར་བར,ཁྱོར་བ
ཁྲ་ཁྲས,ཁྲ་ཁྲ
ཁྲག་རྩའི,ཁྲག་རྩ
ཁྲི་ཀའི,ཁྲི་ཀ
ཁྲི་ཁར,ཁྲི་ཁ
ཁྲི་དར་མའི,ཁྲི་དར་མ
ཁྲི་དར་མར,ཁྲི་དར་མ
ཁྲི་དར་མས,ཁྲི་དར་མ
ཁྲི་པའི,ཁྲི་པ
ཁྲིད་པའི,ཁྲིད་པ
ཁྲིད་པར,ཁྲིད་པ
ཁྲིམས་རར,ཁྲིམས་ར
ཁྲོམ་རའི,ཁྲོམ་ར
ཁྲོམ་རར,ཁྲོམ་ར
མཁའ་འགྲོ་མའི,མཁའ་འགྲོ་མ
མཁའ་སྤྱོད་མའི,མཁའ་སྤྱོད་མ
མཁལ་མའི,མཁལ་མ
མཁས་བརྒྱའི,མཁས་བརྒྱ
མཁས་པའི,མཁས་པ
མཁས་པར,མཁས་པ
མཁས་པས,མཁས་པ
མཁོ་བའི,མཁོ་བ
མཁོ་བར,མཁོ་བ
མཁོ་བས,མཁོ་བ
མཁྱེན་པའི,མཁྱེན་པ
མཁྱེན་པར,མཁྱེན་པ
མཁྱེན་པས,མཁྱེན་པ
མཁྲིས་པའི,མཁྲིས་པ
མཁྲིས་པར,མཁྲིས་པ
མཁྲེགས་པའི,མཁྲེགས་པ
འཁན་པས,འཁན་པ
འཁར་བར,འཁར་བ
འཁུ་བའི,འཁུ་བ
འཁུམས་པའི,འཁུམས་པ
འཁུར་ནས,འཁུར་ན
འཁུར་བའི,འཁུར་བ
འཁུར་བར,འཁུར་བ
འཁེལ་པས,འཁེལ་པ
འཁེལ་བའི,འཁེལ་བ
འཁོགས་པའི,འཁོགས་པ
འཁོད་པའི,འཁོད་པ
འཁོད་པར,འཁོད་པ
འཁོད་པས,འཁོད་པ
འཁོར་བའི,འཁོར་བ
འཁོར་བར,འཁོར་བ
འཁོར་བས,འཁོར་བ
འཁོལ་བའི,འཁོལ་བ
འཁོལ་བས,འཁོལ་བ
འཁྱག་པས,འཁྱག་པ
འཁྱག་ཟས,འཁྱག་ཟ
འཁྱགས་པའི,འཁྱགས་པ
འཁྱགས་པས,འཁྱགས་པ
འཁྱམས་པའི,འཁྱམས་པ
འཁྱིལ་བའི,འཁྱིལ་བ
འཁྱུགས་པའི,འཁྱུགས་པ
འཁྱེར་ནས,འཁྱེར་ན
འཁྱོངས་པའི,འཁྱོངས་པ
འཁྱོངས་པར,འཁྱོངས་པ
འཁྱོམ་པར,འཁྱོམ་པ
འཁྱོམས་པས,འཁྱོམས་པ
འཁྱོལ་བའི,འཁྱོལ་བ
འཁྲབ་ཁྲིད་པའི,འཁྲབ་ཁྲིད་པ
འཁྲབ་ཁྲིད་པར,འཁྲབ་ཁྲིད་པ
འཁྲབ་ཁྲིད་པས,འཁྲབ་ཁྲིད་པ
འཁྲབ་སྟོན་པའི,འཁྲབ་སྟོན་པ
འཁྲབ་སྟོན་པས,འཁྲབ་སྟོན་པ
འཁྲབ་པའི,འཁྲབ་པ
འཁྲི་བའི,འཁྲི་བ
འཁྲིགས་པའི,འཁྲིགས་པ
འཁྲིད་པའི,འཁྲིད་པ
འཁྲིད་པར,འཁྲིད་པ
འཁྲུགས་པའི,འཁྲུགས་པ
འཁྲུགས་པས,འཁྲུགས་པ
འཁྲུང་བར,འཁྲུང་བ
འཁྲུངས་པའི,འཁྲུངས་པ
འཁྲུངས་པར,འཁྲུངས་པ
འཁྲུངས་པས,འཁྲུངས་པ
འཁྲུངས་བའི,འཁྲུངས་བ
འཁྲུད་པའི,འཁྲུད་པ
འཁྲུལ་པའི,འཁྲུལ་པ
འཁྲུལ་བའི,འཁྲུལ་བ
འཁྲུལ་བར,འཁྲུལ་བ
འཁྲེང་བའི,འཁྲེང་བ
འཁྲོལ་བའི,འཁྲོལ་བ
འཁྲོལ་བར,འཁྲོལ་བ
ག་འདྲའི,ག་འདྲ
ག་ནས,ག་ན
ག་པའི,ག་པ
ག་པར,ག་པ
ག་བར,ག་བ
ག་སར,ག་ས
གང་གར,གང་ག
གང་དགར,གང་དག
གང་དགར,གང་དགའ
གང་མངར,གང་མང
གང་ལྟར,གང་ལྟ
གང་ལྟར་མ་ལྟར,གང་ལྟར་མ་ལྟ
གང་འདྲས,གང་འདྲ
གང་ནས,གང་ན
གང་བའི,གང་བ
གང་བར,གང་བ
གང་བས,གང་བ
གང་བློ་མའི,གང་བློ་མ
གང་ཡང་རུང་བར,གང་ཡང་རུང་བ
གང་ཡིན་པའི,གང་ཡིན་པ
གང་ཡིན་པར,གང་ཡིན་པ
གང་སར,གང་ས
གངས་དཀར་མས,གངས་དཀར་མ
གངས་ཅན་པའི,གངས་ཅན་པ
གངས་རིའི་ཉི་མས,གངས་རིའི་ཉི་མ
གད་པའི,གད་པ
གན་རྒྱའི,གན་རྒྱ
གབ་པར,གབ་པ
གམ་པའི,གམ་པ
གར་བར,གར་བ
གར་ཤར,གར་ཤ
གལ་ཆེ་བའི,གལ་ཆེ་བ
གལ་ཆེ་བར,གལ་ཆེ་བ
གལ་ཆེ་བས,གལ་ཆེ་བ
གིན་པའི,གིན་པ
གུ་ཡངས་པའི,གུ་ཡངས་པ
གུག་པར,གུག་པ
གུང་གཞོན་ཚོགས་པའི,གུང་གཞོན་ཚོགས་པ
གུང་གཞོན་ཚོགས་པས,གུང་གཞོན་ཚོགས་པ
གུང་ཟས,གུང་ཟ
གུས་པའི,གུས་པ
གུས་པར,གུས་པ
གུས་པས,གུས་པ
གོ་སྒྲིག་པས,གོ་སྒྲིག་པ
གོ་བདེ་བའི,གོ་བདེ་བ
གོ་བདེ་བར,གོ་བདེ་བ
གོ་ལྡོག་པའི,གོ་ལྡོག་པ
གོ་པའི,གོ་པ
གོ་བའི,གོ་བ
གོ་བར,གོ་བ
གོ་བས,གོ་བ
གོ་བེ་ལར,གོ་བེ་ལ
གོ་རམས་པའི,གོ་རམས་པ
གོ་རམས་པས,གོ་རམས་པ
གོ་ལའི,གོ་ལ
གོ་ལར,གོ་ལ
གོ་སར,གོ་ས
གོ་སོང་ངས,གོ་སོང་ང
གོ་སླ་བའི,གོ་སླ་བ
གོ་སླའི,གོ་སླ
གོང་ནས,གོང་ན
གོང་བར,གོང་བ
གོང་མའི,གོང་མ
གོང་མར,གོང་མ
གོང་མས,གོང་མ
གོན་པའི,གོན་པ
གོམས་པའི,གོམས་པ
གོམས་པར,གོམས་པ
གོར་ཁའི,གོར་ཁ
གོས་སྣའི,གོས་སྣ
གོས་པའི,གོས་པ
གྱ་ནོམ་པའི,གྱ་ནོམ་པ
གྱ་ནོམ་པར,གྱ་ནོམ་པ
གྱར་བའི,གྱར་བ
གྱར་བར,གྱར་བ
གྱིན་པའི,གྱིན་པ
གྱུར་པའི,གྱུར་པ
གྱུར་པར,གྱུར་པ
གྱུར་པས,གྱུར་པ
གྱུར་བའི,གྱུར་བ
གྱུར་བར,གྱུར་བ
གྱུར་བས,གྱུར་བ
གྱེར་བའི,གྱེར་བ
གྱེར་བས,གྱེར་བ
གྱེས་པའི,གྱེས་པ
གྱེས་པར,གྱེས་པ
གྱོན་ནས,གྱོན་ན
གྱོན་པའི,གྱོན་པ
གྱོན་པར,གྱོན་པ
གྲག་པའི,གྲག་པ
གྲགས་པའི,གྲགས་པ
གྲགས་པར,གྲགས་པ
གྲགས་པས,གྲགས་པ
གྲང་ངར་ཆེ་བའི,གྲང་ངར་ཆེ་བ
གྲང་བའི,གྲང་བ
གྲང་བས,གྲང་བ
གྲངས་ཀའི,གྲངས་ཀ
གྲངས་མེད་པར,གྲངས་མེད་པ
གྲངས་ལས་འདས་པའི,གྲངས་ལས་འདས་པ
གྲངས་ལས་འདས་པར,གྲངས་ལས་འདས་པ
གྲལ་སྔར,གྲལ་སྔ
གྲིབ་མའི,གྲིབ་མ
གྲིབ་མས,གྲིབ་མ
གྲུ་ཁར,གྲུ་ཁ
གྲུ་ཆར,གྲུ་ཆ
གྲུ་མ་ཞིག་པའི,གྲུ་མ་ཞིག་པ
གྲུབ་ཆར,གྲུབ་ཆ
གྲུབ་མཐའི,གྲུབ་མཐའ
གྲུབ་མཐར,གྲུབ་མཐའ
གྲུབ་པའི,གྲུབ་པ
གྲུབ་པར,གྲུབ་པ
གྲུབ་པས,གྲུབ་པ
གྲོ་མའི,གྲོ་མ
གྲོག་མའི,གྲོག་མ
གྲོང་པའི,གྲོང་པ
གྲོང་པས,གྲོང་པ
གྲོང་བའི,གྲོང་བ
གྲོངས་པས,གྲོངས་པ
གྲོད་པའི,གྲོད་པ
གྲོད་པར,གྲོད་པ
གྲོལ་བའི,གྲོལ་བ
གྲོལ་བར,གྲོལ་བ
གྲྭ་པའི,གྲྭ་པ
གྲྭ་པས,གྲྭ་པ
གྲྭ་བའི,གྲྭ་བ
གྲྭ་སའི,གྲྭ་ས
གྲྭ་སར,གྲྭ་ས
གླང་དར་མའི,གླང་དར་མ
གླང་དར་མར,གླང་དར་མ
གླང་དར་མས,གླང་དར་མ
གླང་མའི,གླང་མ
གླང་མར,གླང་མ
གླིང་ཁར,གླིང་ཁ
གླིང་གའི,གླིང་ག
གླིང་གར,གླིང་ག
གླིང་རྒྱའི,གླིང་རྒྱ
གླིང་མའི,གླིང་མ
གླུ་པའི,གླུ་པ
གླུ་བའི,གླུ་བ
གླུ་མའི,གླུ་མ
གླུ་མས,གླུ་མ
གླུ་ལེན་པའི,གླུ་ལེན་པ
གླེང་བའི,གླེང་བ
གླེང་བར,གླེང་བ
གླེང་བས,གླེང་བ
གླེང་བྱའི,གླེང་བྱ
གླེན་པའི,གླེན་པ
གློ་བའི,གློ་བ
གློ་བར,གློ་བ
གློ་བུར་བའི,གློ་བུར་བ
གློག་དྲའི,གློག་དྲ
གློག་དྲར,གློག་དྲ
གློག་པར,གློག་པ
དགག་པའི,དགག་པ
དགག་པས,དགག་པ
དགག་བྱའི,དགག་བྱ
དགའ་ལྡན་དགོན་པའི,དགའ་ལྡན་དགོན་པ
དགའ་བའི,དགའ་བ
དགའ་བར,དགའ་བ
དགའ་བས,དགའ་བ
དགའ་འོས་པའི,དགའ་འོས་པ
དགའ་ཡའི,དགའ་ཡ
དགའ་སའི,དགའ་ས
དགར་བའི,དགར་བ
དགར་བར,དགར་བ
དགུ་བརྒྱའི,དགུ་བརྒྱ
དགུ་བཅུ་པའི,དགུ་བཅུ་པ
དགུ་བཅུ་བའི,དགུ་བཅུ་བ
དགུ་བཅུ་བར,དགུ་བཅུ་བ
དགུ་བཅུ་རྩ་ལྔའི,དགུ་བཅུ་རྩ་ལྔ
དགུ་པའི,དགུ་པ
དགུ་པར,དགུ་པ
དགུ་བའི,དགུ་བ
དགུ་བར,དགུ་བ
དགུ་ཚིག་མའི,དགུ་ཚིག་མ
དགུན་ཁའི,དགུན་ཁ
དགུན་ཁར,དགུན་ཁ
དགུན་སའི,དགུན་ས
དགེ་ཐོན་སློབ་གྲྭར,དགེ་ཐོན་སློབ་གྲྭ
དགེ་འདུན་གྲུབ་པས,དགེ་འདུན་གྲུབ་པ
དགེ་འདུན་པའི,དགེ་འདུན་པ
དགེ་འདུན་པས,དགེ་འདུན་པ
དགེ་ལྡན་པའི,དགེ་ལྡན་པ
དགེ་བའི,དགེ་བ
དགེ་བར,དགེ་བ
དགེ་རྩའི,དགེ་རྩ
དགེ་ཚུལ་མར,དགེ་ཚུལ་མ
དགེ་འོས་སློབ་གྲྭའི,དགེ་འོས་སློབ་གྲྭ
དགེ་ལུགས་པའི,དགེ་ལུགས་པ
དགེ་ལུགས་པར,དགེ་ལུགས་པ
དགེ་ལུགས་པས,དགེ་ལུགས་པ
དགོང་ཁའི,དགོང་ཁ
དགོང་ཁར,དགོང་ཁ
དགོངས་པའི,དགོངས་པ
དགོངས་པར,དགོངས་པ
དགོད་སྒྲས,དགོད་སྒྲ
དགོད་པའི,དགོད་པ
དགོད་པར,དགོད་པ
དགོད་བྲོ་བའི,དགོད་བྲོ་བ
དགོན་པ་ནས,དགོན་པ་ན
དགོན་པའི,དགོན་པ
དགོན་པར,དགོན་པ
དགོན་པས,དགོན་པ
དགོས་པའི,དགོས་པ
དགོས་པར,དགོས་པ
དགོས་པས,དགོས་པ
དགོས་བའི,དགོས་བ
དགོས་བར,དགོས་བ
དགོས་བས,དགོས་བ
དགྱེས་པའི,དགྱེས་པ
དགྱེས་པར,དགྱེས་པ
དགྲ་ཟླར,དགྲ་ཟླ
དགྲ་ལྷའི,དགྲ་ལྷ
བགོ་བའི,བགོ་བ
བགོ་བར,བགོ་བ
བགོས་པའི,བགོས་པ
བགོས་པར,བགོས་པ
བགྱི་བའི,བགྱི་བ
བགྱིད་པའི,བགྱིད་པ
བགྱིས་པའི,བགྱིས་པ
བགྱིས་པར,བགྱིས་པ
བགྲང་བའི,བགྲང་བ
བགྲང་བར,བགྲང་བ
བགྲང་བྱའི,བགྲང་བྱ
བགྲང་ལས་འདས་པའི,བགྲང་ལས་འདས་པ
བགྲོ་བར,བགྲོ་བ
བགྲོངས་པའི,བགྲོངས་པ
བགྲོད་པའི,བགྲོད་པ
བགྲོད་པར,བགྲོད་པ
མགོ་ཁྲིད་པའི,མགོ་ཁྲིད་པ
མགོ་ཁྲིད་པས,མགོ་ཁྲིད་པ
མགོ་འཁོར་བས,མགོ་འཁོར་བ
མགོ་སྔས,མགོ་སྔ
མགོ་ནག་བོད་པའི,མགོ་ནག་བོད་པ
མགོ་སེར་པའི,མགོ་སེར་པ
མགྱོགས་པའི,མགྱོགས་པ
མགྱོགས་པར,མགྱོགས་པ
མགྱོགས་པས,མགྱོགས་པ
མགྲིན་པའི,མགྲིན་པ
མགྲིན་པར,མགྲིན་པ
འགག་པར,འགག་པ
འགག་རྩའི,འགག་རྩ
འགགས་པར,འགགས་པ
འགན་ཁུར་བའི,འགན་ཁུར་བ
འགན་ཁུར་བས,འགན་ཁུར་བ
འགན་འཁུར་བའི,འགན་འཁུར་བ
འགན་འཁུར་བར,འགན་འཁུར་བ
འགན་འཁུར་བས,འགན་འཁུར་བ
འགན་འཛིན་པའི,འགན་འཛིན་པ
འགན་འཛིན་པས,འགན་འཛིན་པ
འགན་ལེན་པའི,འགན་ལེན་པ
འགལ་བའི,འགལ་བ
འགལ་བར,འགལ་བ
འགལ་བས,འགལ་བ
འགལ་ཟླའི,འགལ་ཟླ
འགལ་ཟླར,འགལ་ཟླ
འགུག་པའི,འགུག་པ
འགུགས་པའི,འགུགས་པ
འགུལ་བའི,འགུལ་བ
འགུལ་བས,འགུལ་བ
འགེལ་བའི,འགེལ་བ
འགོ་པར,འགོ་པ
འགོ་བའི,འགོ་བ
འགོ་བར,འགོ་བ
འགོ་བས,འགོ་བ
འགོ་རྩོམ་པའི,འགོ་རྩོམ་པ
འགོ་འཛུགས་པའི,འགོ་འཛུགས་པ
འགོག་ཐབས་མེད་པས,འགོག་ཐབས་མེད་པ
འགོག་པའི,འགོག་པ
འགོག་པར,འགོག་པ
འགོག་པས,འགོག་པ
འགོངས་པའི,འགོངས་པ
འགོད་པའི,འགོད་པ
འགོད་པར,འགོད་པ
འགོད་པས,འགོད་པ
འགོར་བའི,འགོར་བ
འགོར་བར,འགོར་བ
འགོར་བས,འགོར་བ
འགོས་པའི,འགོས་པ
འགྱིང་བའི,འགྱིང་བ
འགྱུ་བའི,འགྱུ་བ
འགྱུར་པས,འགྱུར་པ
འགྱུར་བའི,འགྱུར་བ
འགྱུར་བར,འགྱུར་བ
འགྱུར་བས,འགྱུར་བ
འགྱུར་མའི,འགྱུར་མ
འགྱེད་པའི,འགྱེད་པ
འགྱོག་པར,འགྱོག་པ
འགྱོད་པའི,འགྱོད་པ
འགྲང་བར,འགྲང་བ
འགྲངས་པས,འགྲངས་པ
འགྲན་པའི,འགྲན་པ
འགྲན་པར,འགྲན་པ
འགྲན་ཞུགས་པའི,འགྲན་ཞུགས་པ
འགྲན་ཞུགས་པར,འགྲན་ཞུགས་པ
འགྲན་ཟླའི,འགྲན་ཟླ
འགྲན་རའི,འགྲན་ར
འགྲན་རར,འགྲན་ར
འགྲམ་པར,འགྲམ་པ
འགྲིག་གས,འགྲིག་ག
འགྲིག་པའི,འགྲིག་པ
འགྲིག་པར,འགྲིག་པ
འགྲིགས་པའི,འགྲིགས་པ
འགྲིབ་པར,འགྲིབ་པ
འགྲིམ་པའི,འགྲིམ་པ
འགྲིམས་པའི,འགྲིམས་པ
འགྲིལ་བའི,འགྲིལ་བ
འགྲུབ་པའི,འགྲུབ་པ
འགྲུབ་པར,འགྲུབ་པ
འགྲུལ་པའི,འགྲུལ་པ
འགྲེང་བའི,འགྲེང་བ
འགྲེངས་པར,འགྲེངས་པ
འགྲེམ་པའི,འགྲེམ་པ
འགྲེལ་པའི,འགྲེལ་པ
འགྲེལ་པར,འགྲེལ་པ
འགྲེལ་པས,འགྲེལ་པ
འགྲེལ་བའི,འགྲེལ་བ
འགྲེལ་བར,འགྲེལ་བ
འགྲོ་ཁར,འགྲོ་ཁ
འགྲོ་གས,འགྲོ་ག
འགྲོ་མགོན་འཕགས་པའི,འགྲོ་མགོན་འཕགས་པ
འགྲོ་མགོན་འཕགས་པར,འགྲོ་མགོན་འཕགས་པ
འགྲོ་མགོན་འཕགས་པས,འགྲོ་མགོན་འཕགས་པ
འགྲོ་ནས,འགྲོ་ན
འགྲོ་བའི,འགྲོ་བ
འགྲོ་བར,འགྲོ་བ
འགྲོ་བས,འགྲོ་བ
འགྲོ་སའི,འགྲོ་ས
འགྲོགས་པའི,འགྲོགས་པ
འགྲོགས་པས,འགྲོགས་པ
འགྲོལ་བར,འགྲོལ་བ
འགྲོས་མའི,འགྲོས་མ
རྒན་པའི,རྒན་པ
རྒན་པར,རྒན་པ
རྒན་རབས་པས,རྒན་རབས་པ
རྒལ་བའི,རྒལ་བ
རྒས་པའི,རྒས་པ
རྒུད་པའི,རྒུད་པ
རྒུད་པར,རྒུད་པ
རྒོད་པའི,རྒོད་པ
རྒོད་མའི,རྒོད་མ
རྒོལ་བའི,རྒོལ་བ
རྒོལ་བར,རྒོལ་བ
རྒོལ་བས,རྒོལ་བ
རྒྱ་བསྐྱེད་པར,རྒྱ་བསྐྱེད་པ
རྒྱ་བསྐྱེད་པས,རྒྱ་བསྐྱེད་པ
རྒྱ་གར་བའི,རྒྱ་གར་བ
རྒྱ་གྲོ་མའི,རྒྱ་གྲོ་མ
རྒྱ་ཆེ་བའི,རྒྱ་ཆེ་བ
རྒྱ་ཆེ་བར,རྒྱ་ཆེ་བ
རྒྱ་མདའི,རྒྱ་མདའ
རྒྱ་མའི,རྒྱ་མ
རྒྱག་པའི,རྒྱག་པ
རྒྱག་པར,རྒྱག་པ
རྒྱན་ཆའི,རྒྱན་ཆ
རྒྱན་ཆས,རྒྱན་ཆ
རྒྱབ་པའི,རྒྱབ་པ
རྒྱབ་རྩར,རྒྱབ་རྩ
རྒྱལ་ཁའི,རྒྱལ་ཁ
རྒྱལ་བ་རིགས་ལྔའི,རྒྱལ་བ་རིགས་ལྔ
རྒྱལ་བའི,རྒྱལ་བ
རྒྱལ་བར,རྒྱལ་བ
རྒྱལ་བས,རྒྱལ་བ
རྒྱལ་དབང་ལྔ་པའི,རྒྱལ་དབང་ལྔ་པ
རྒྱལ་དབང་ལྔ་པས,རྒྱལ་དབང་ལྔ་པ
རྒྱལ་དབང་ལྔ་བའི,རྒྱལ་དབང་ལྔ་བ
རྒྱལ་སའི,རྒྱལ་ས
རྒྱལ་སར,རྒྱལ་ས
རྒྱས་པའི,རྒྱས་པ
རྒྱས་པར,རྒྱས་པ
རྒྱས་པས,རྒྱས་པ
རྒྱས་བར,རྒྱས་བ
རྒྱུ་ཆའི,རྒྱུ་ཆ
རྒྱུ་ཆར,རྒྱུ་ཆ
རྒྱུ་ཆས,རྒྱུ་ཆ
རྒྱུ་བའི,རྒྱུ་བ
རྒྱུ་བར,རྒྱུ་བ
རྒྱུ་མར,རྒྱུ་མ
རྒྱུ་མེད་པའི,རྒྱུ་མེད་པ
རྒྱུ་མེད་པར,རྒྱུ་མེད་པ
རྒྱུ་ལས,རྒྱུ་ལ
རྒྱུག་ཆེ་བའི,རྒྱུག་ཆེ་བ
རྒྱུག་རྟའི,རྒྱུག་རྟ
རྒྱུག་ནས,རྒྱུག་ན
རྒྱུག་པའི,རྒྱུག་པ
རྒྱུགས་པའི,རྒྱུགས་པ
རྒྱུགས་སྤྲོད་པའི,རྒྱུགས་སྤྲོད་པ
རྒྱུགས་སྤྲོད་པས,རྒྱུགས་སྤྲོད་པ
རྒྱུགས་འཕྲོད་པས,རྒྱུགས་འཕྲོད་པ
རྒྱུད་པའི,རྒྱུད་པ
རྒྱུད་པས,རྒྱུད་པ
རྒྱུད་བླ་མའི,རྒྱུད་བླ་མ
རྒྱུད་སྨད་པའི,རྒྱུད་སྨད་པ
རྒྱུད་འཛིན་པའི,རྒྱུད་འཛིན་པ
རྒྱུན་ཆད་མེད་པར,རྒྱུན་ཆད་མེད་པ
རྒྱུན་མཐུད་པའི,རྒྱུན་མཐུད་པ
རྒྱུན་མཐུད་པར,རྒྱུན་མཐུད་པ
རྒྱུན་པར,རྒྱུན་པ
རྒྱུན་འཛིན་པའི,རྒྱུན་འཛིན་པ
རྒྱུན་འཛིན་པས,རྒྱུན་འཛིན་པ
རྒྱུན་རིང་པའི,རྒྱུན་རིང་པ
རྒྱུན་བསྲིངས་པའི,རྒྱུན་བསྲིངས་པ
རྒྱུས་ལོན་པས,རྒྱུས་ལོན་པ
རྒྱོང་བར,རྒྱོང་བ
སྒང་ནས,སྒང་ན
སྒབ་པའི,སྒབ་པ
སྒར་སར,སྒར་ས
སྒལ་པར,སྒལ་པ
སྒུག་པའི,སྒུག་པ
སྒུལ་བའི,སྒུལ་བ
སྒུལ་བར,སྒུལ་བ
སྒོ་ཁའི,སྒོ་ཁ
སྒོ་ཁར,སྒོ་ཁ
སྒོ་རའི,སྒོ་ར
སྒོང་བའི,སྒོང་བ
སྒོམ་པའི,སྒོམ་པ
སྒོམ་པར,སྒོམ་པ
སྒོམ་པས,སྒོམ་པ
སྒྱིད་པའི,སྒྱིད་པ
སྒྱུ་མའི,སྒྱུ་མ
སྒྱུ་མར,སྒྱུ་མ
སྒྱུ་མས,སྒྱུ་མ
སྒྱུ་རྩལ་པའི,སྒྱུ་རྩལ་པ
སྒྱུ་རྩལ་པས,སྒྱུ་རྩལ་པ
སྒྱུར་བའི,སྒྱུར་བ
སྒྱུར་བར,སྒྱུར་བ
སྒྲ་བླའི,སྒྲ་བླ
སྒྲ་རིག་པའི,སྒྲ་རིག་པ
སྒྲིག་པའི,སྒྲིག་པ
སྒྲིག་པར,སྒྲིག་པ
སྒྲིག་བཟོ་བྱེད་པའི,སྒྲིག་བཟོ་བྱེད་པ
སྒྲུང་པར,སྒྲུང་པ
སྒྲུང་བའི,སྒྲུང་བ
སྒྲུབ་གྲྭར,སྒྲུབ་གྲྭ
སྒྲུབ་པའི,སྒྲུབ་པ
སྒྲུབ་པར,སྒྲུབ་པ
སྒྲུབ་པས,སྒྲུབ་པ
སྒྲེང་བའི,སྒྲེང་བ
སྒྲོག་པའི,སྒྲོག་པ
སྒྲོག་པར,སྒྲོག་པ
སྒྲོན་པའི,སྒྲོན་པ
སྒྲོན་པར,སྒྲོན་པ
སྒྲོལ་མའི,སྒྲོལ་མ
སྒྲོལ་མར,སྒྲོལ་མ
སྒྲོལ་མས,སྒྲོལ་མ
བརྒལ་པའི,བརྒལ་པ
བརྒལ་བའི,བརྒལ་བ
བརྒལ་བར,བརྒལ་བ
བརྒལ་བས,བརྒལ་བ
བརྒྱ་ཆའི,བརྒྱ་ཆ
བརྒྱ་ཐམ་པའི,བརྒྱ་ཐམ་པ
བརྒྱ་རྩའི,བརྒྱ་རྩ
བརྒྱངས་པའི,བརྒྱངས་པ
བརྒྱད་ཅུ་པའི,བརྒྱད་ཅུ་པ
བརྒྱད་པའི,བརྒྱད་པ
བརྒྱད་པར,བརྒྱད་པ
བརྒྱན་པའི,བརྒྱན་པ
བརྒྱན་པས,བརྒྱན་པ
བརྒྱབ་ནས,བརྒྱབ་ན
བརྒྱབ་པའི,བརྒྱབ་པ
བརྒྱབ་པས,བརྒྱབ་པ
བརྒྱལ་བར,བརྒྱལ་བ
བརྒྱུགས་པའི,བརྒྱུགས་པ
བརྒྱུད་པའི,བརྒྱུད་པ
བརྒྱུད་པར,བརྒྱུད་པ
བརྒྱུད་པས,བརྒྱུད་པ
བརྒྱུད་སའི,བརྒྱུད་ས
བརྒྱུས་པའི,བརྒྱུས་པ
བརྒྱུས་པས,བརྒྱུས་པ
བསྒར་པའི,བསྒར་པ
བསྒུགས་པའི,བསྒུགས་པ
བསྒུལ་བའི,བསྒུལ་བ
བསྒོམས་པས,བསྒོམས་པ
བསྒོས་པའི,བསྒོས་པ
བསྒྱུར་པའི,བསྒྱུར་པ
བསྒྱུར་པས,བསྒྱུར་པ
བསྒྱུར་བའི,བསྒྱུར་བ
བསྒྱུར་བར,བསྒྱུར་བ
བསྒྱུར་བས,བསྒྱུར་བ
བསྒྲགས་པའི,བསྒྲགས་པ
བསྒྲགས་པས,བསྒྲགས་པ
བསྒྲལ་བར,བསྒྲལ་བ
བསྒྲིག་པར,བསྒྲིག་པ
བསྒྲིགས་པའི,བསྒྲིགས་པ
བསྒྲིགས་པར,བསྒྲིགས་པ
བསྒྲིགས་པས,བསྒྲིགས་པ
བསྒྲིབས་པའི,བསྒྲིབས་པ
བསྒྲིལ་བའི,བསྒྲིལ་བ
བསྒྲིལ་བར,བསྒྲིལ་བ
བསྒྲུབ་པའི,བསྒྲུབ་པ
བསྒྲུབ་པར,བསྒྲུབ་པ
བསྒྲུབ་སའི,བསྒྲུབ་ས
བསྒྲུབས་པའི,བསྒྲུབས་པ
བསྒྲུབས་པར,བསྒྲུབས་པ
བསྒྲུབས་པས,བསྒྲུབས་པ
ང་རས,ང་ར
ངག་དབང་གྲགས་པས,ངག་དབང་གྲགས་པ
ངག་དབང་བྱམས་པའི,ངག་དབང་བྱམས་པ
ངང་པས,ངང་པ
ངང་བས,ངང་བ
ངན་པའི,ངན་པ
ངན་པར,ངན་པ
ངན་པས,ངན་པ
ངར་སྒྲས,ངར་སྒྲ
ངར་བའི,ངར་བ
ངལ་བའི,ངལ་བ
ངལ་བར,ངལ་བ
ངལ་རྩོལ་བའི,ངལ་རྩོལ་བ
ངལ་གསོ་བའི,ངལ་གསོ་བ
ངུ་བའི,ངུ་བ
ངུར་སྨྲིག་འཛིན་པའི,ངུར་སྨྲིག་འཛིན་པ
ངེད་གཉིས་ཀའི,ངེད་གཉིས་ཀ
ངེས་པའི,ངེས་པ
ངེས་པར,ངེས་པ
ངེས་པས,ངེས་པ
ངེས་བར,ངེས་བ
ངོ་སྤྲོད་པའི,ངོ་སྤྲོད་པ
ངོ་མའི,ངོ་མ
ངོ་མར,ངོ་མ
ངོ་མས,ངོ་མ
ངོ་ཚ་མེད་པའི,ངོ་ཚ་མེད་པ
ངོ་ཚར,ངོ་ཚ
ངོ་མཚར་བའི,ངོ་མཚར་བ
ངོ་མཚར་བར,ངོ་མཚར་བ
ངོ་ཤེས་པའི,ངོ་ཤེས་པ
ངོ་ཤེས་པར,ངོ་ཤེས་པ
ངོ་ཤེས་པས,ངོ་ཤེས་པ
ངོམ་པའི,ངོམ་པ
ངོམ་པར,ངོམ་པ
ངོམ་སའི,ངོམ་ས
ངོམས་པས,ངོམས་པ
ངོས་ནས,ངོས་ན
ངོས་འཛིན་པའི,ངོས་འཛིན་པ
ངོས་ཟིན་པའི,ངོས་ཟིན་པ
ངོས་ཟིན་པས,ངོས་ཟིན་པ
དངར་བའི,དངར་བ
དངུལ་རྩའི,དངུལ་རྩ
དངུལ་རྩས,དངུལ་རྩ
མངགས་པའི,མངགས་པ
མངའ་བའི,མངའ་བ
མངའ་བར,མངའ་བ
མངའ་བས,མངའ་བ
མངའ་གསོལ་བའི,མངའ་གསོལ་བ
མངར་ཆའི,མངར་ཆ
མངར་བའི,མངར་བ
མངལ་སྦྲུམ་པའི,མངལ་སྦྲུམ་པ
མངོན་པའི,མངོན་པ
མངོན་པར,མངོན་པ
མངོན་པར་རྫོགས་པར,མངོན་པར་རྫོགས་པ
མངོན་པར་ཤེས་པས,མངོན་པར་ཤེས་པ
མངོན་པས,མངོན་པ
རྔ་སྒྲས,རྔ་སྒྲ
རྔ་པའི,རྔ་པ
རྔ་བའི,རྔ་བ
རྔ་མའི,རྔ་མ
རྔ་མར,རྔ་མ
རྔ་མས,རྔ་མ
རྔམ་པའི,རྔམ་པ
རྔམས་པའི,རྔམས་པ
རྔོ་ཐོགས་པར,རྔོ་ཐོགས་པ
རྔོད་པར,རྔོད་པ
རྔོན་པའི,རྔོན་པ
རྔོན་པར,རྔོན་པ
ལྔ་བརྒྱའི,ལྔ་བརྒྱ
ལྔ་བརྒྱར,ལྔ་བརྒྱ
ལྔ་བརྒྱས,ལྔ་བརྒྱ
ལྔ་བཅུ་པའི,ལྔ་བཅུ་པ
ལྔ་བཅུ་པར,ལྔ་བཅུ་པ
ལྔ་ཆའི,ལྔ་ཆ
ལྔ་པའི,ལྔ་པ
ལྔ་པར,ལྔ་པ
ལྔ་པས,ལྔ་པ
ལྔ་བའི,ལྔ་བ
ལྔ་བར,ལྔ་བ
ལྔ་བས,ལྔ་བ
སྔ་བའི,སྔ་བ
སྔ་མའི,སྔ་མ
སྔ་མར,སྔ་མ
སྔ་མས,སྔ་མ
སྔ་རབས་པའི,སྔ་རབས་པ
སྔ་རབས་པས,སྔ་རབས་པ
སྔགས་པའི,སྔགས་པ
སྔགས་པར,སྔགས་པ
སྔགས་པས,སྔགས་པ
སྔགས་རམས་པའི,སྔགས་རམས་པ
སྔངས་པའི,སྔངས་པ
སྔར་ལྟར,སྔར་ལྟ
སྔར་བས,སྔར་བ
སྔོ་བའི,སྔོ་བ
སྔོག་པའི,སྔོག་པ
སྔོན་ཐོན་པས,སྔོན་ཐོན་པ
སྔོན་བརྡའི,སྔོན་བརྡ
སྔོན་ནས,སྔོན་ན
སྔོན་མའི,སྔོན་མ
སྔོན་མར,སྔོན་མ
སྔོན་ལས,སྔོན་ལ
བརྔོས་པའི,བརྔོས་པ
བསྔགས་པའི,བསྔགས་པ
བསྔགས་པར,བསྔགས་པ
ཅང་མ་འགོར་བར,ཅང་མ་འགོར་བ
ཅི་གར,ཅི་ག
ཅི་དགར,ཅི་དག
ཅི་དགར,ཅི་དགའ
ཅི་འདྲའི,ཅི་འདྲ
ཅི་འདྲར,ཅི་འདྲ
ཅི་བྱས,ཅི་བྱ
ཅི་ཡང་མེད་པའི,ཅི་ཡང་མེད་པ
ཅི་ཡང་མེད་པར,ཅི་ཡང་མེད་པ
ཅི་ཡང་མེད་པས,ཅི་ཡང་མེད་པ
ཅུ་བའི,ཅུ་བ
ཅེས་པའི,ཅེས་པ
ཅེས་པར,ཅེས་པ
ཅེས་པས,ཅེས་པ
ཅེས་བའི,ཅེས་བ
ཅེས་བྱ་བར,ཅེས་བྱ་བ
ཅེས་བྱ་བས,ཅེས་བྱ་བ
གཅད་པར,གཅད་པ
གཅན་ཚའི,གཅན་ཚ
གཅིག་པའི,གཅིག་པ
གཅིག་པར,གཅིག་པ
གཅིག་པས,གཅིག་པ
གཅིག་བྱས་ནས,གཅིག་བྱས་ན
གཅེས་པའི,གཅེས་པ
གཅེས་པར,གཅེས་པ
གཅོག་པར,གཅོག་པ
གཅོད་པའི,གཅོད་པ
གཅོད་པར,གཅོད་པ
བཅངས་པའི,བཅངས་པ
བཅངས་པར,བཅངས་པ
བཅད་པའི,བཅད་པ
བཅད་པར,བཅད་པ
བཅད་པས,བཅད་པ
བཅད་མའི,བཅད་མ
བཅད་ལྷུག་སྤེལ་མའི,བཅད་ལྷུག་སྤེལ་མ
བཅའ་སྡོད་སློབ་གྲྭའི,བཅའ་སྡོད་སློབ་གྲྭ
བཅའ་སྡོད་སློབ་གྲྭས,བཅའ་སྡོད་སློབ་གྲྭ
བཅའ་བའི,བཅའ་བ
བཅར་བའི,བཅར་བ
བཅས་པའི,བཅས་པ
བཅས་པར,བཅས་པ
བཅས་པས,བཅས་པ
བཅིངས་པའི,བཅིངས་པ
བཅུ་དགུ་པའི,བཅུ་དགུ་པ
བཅུ་གཅིག་པའི,བཅུ་གཅིག་པ
བཅུ་གཅིག་པར,བཅུ་གཅིག་པ
བཅུ་ཆའི,བཅུ་ཆ
བཅུ་གཉིས་པའི,བཅུ་གཉིས་པ
བཅུ་དྲུག་པའི,བཅུ་དྲུག་པ
བཅུ་བདུན་པའི,བཅུ་བདུན་པ
བཅུ་བདུན་པར,བཅུ་བདུན་པ
བཅུ་པའི,བཅུ་པ
བཅུ་པར,བཅུ་པ
བཅུ་བའི,བཅུ་བ
བཅུ་བར,བཅུ་བ
བཅུ་བཞི་པའི,བཅུ་བཞི་པ
བཅུ་བཞི་པར,བཅུ་བཞི་པ
བཅུ་བཞི་པས,བཅུ་བཞི་པ
བཅུ་བཞི་བའི,བཅུ་བཞི་བ
བཅུ་བཞི་བས,བཅུ་བཞི་བ
བཅུ་གསུམ་པའི,བཅུ་གསུམ་པ
བཅུ་གསུམ་པར,བཅུ་གསུམ་པ
བཅུ་གསུམ་པས,བཅུ་གསུམ་པ
བཅུག་པའི,བཅུག་པ
བཅུག་པར,བཅུག་པ
བཅུག་པས,བཅུག་པ
བཅོ་བརྒྱད་པའི,བཅོ་བརྒྱད་པ
བཅོ་ལྔ་པའི,བཅོ་ལྔ་པ
བཅོ་ལྔ་བའི,བཅོ་ལྔ་བ
བཅོ་ལྔའི,བཅོ་ལྔ
བཅོ་ལྔར,བཅོ་ལྔ
བཅོམ་པའི,བཅོམ་པ
བཅོམ་པས,བཅོམ་པ
བཅོལ་བའི,བཅོལ་བ
བཅོལ་སའི,བཅོལ་ས
བཅོས་པའི,བཅོས་པ
བཅོས་པར,བཅོས་པ
བཅོས་པས,བཅོས་པ
བཅོས་མའི,བཅོས་མ
བཅོས་མས,བཅོས་མ
ལྕང་སྐྱའི,ལྕང་སྐྱ
ལྕང་མའི,ལྕང་མ
ལྕི་བའི,ལྕི་བ
ལྕེབས་པའི,ལྕེབས་པ
ཆ་གས,ཆ་ག
ཆ་མཐུན་པའི,ཆ་མཐུན་པ
ཆ་མཐུན་པར,ཆ་མཐུན་པ
ཆ་འདྲ་བའི,ཆ་འདྲ་བ
ཆ་འདྲ་བས,ཆ་འདྲ་བ
ཆ་ནས,ཆ་ན
ཆ་མ་འཚལ་བར,ཆ་མ་འཚལ་བ
ཆ་ཚང་བའི,ཆ་ཚང་བ
ཆ་ཚང་བར,ཆ་ཚང་བ
ཆ་ཚང་བས,ཆ་ཚང་བ
ཆག་པའི,ཆག་པ
ཆག་པར,ཆག་པ
ཆགས་ནས,ཆགས་ན
ཆགས་པའི,ཆགས་པ
ཆགས་པར,ཆགས་པ
ཆགས་པས,ཆགས་པ
ཆགས་མེད་པར,ཆགས་མེད་པ
ཆད་པའི,ཆད་པ
ཆད་པར,ཆད་པ
ཆད་ལུས་མེད་པར,ཆད་ལུས་མེད་པ
ཆབ་ཆའི,ཆབ་ཆ
ཆབ་མདོ་བའི,ཆབ་མདོ་བ
ཆར་པའི,ཆར་པ
ཆར་པར,ཆར་པ
ཆར་པས,ཆར་པ
ཆས་པའི,ཆས་པ
ཆིང་ཧྭར,ཆིང་ཧྭ
ཆིན་གོང་མའི,ཆིན་གོང་མ
ཆིན་གོང་མས,ཆིན་གོང་མ
ཆུ་ཁའི,ཆུ་ཁ
ཆུ་ཁར,ཆུ་ཁ
ཆུ་བར,ཆུ་བ
ཆུ་མུར་ཏི་པས,ཆུ་མུར་ཏི་པ
ཆུ་ལྷའི,ཆུ་ལྷ
ཆུ་ལྷར,ཆུ་ལྷ
ཆུང་བའི,ཆུང་བ
ཆུང་བར,ཆུང་བ
ཆུང་བས,ཆུང་བ
ཆུང་མར,ཆུང་མ
ཆུད་པའི,ཆུད་པ
ཆུད་པར,ཆུད་པ
ཆུབ་པར,ཆུབ་པ
ཆེ་བའི,ཆེ་བ
ཆེ་བར,ཆེ་བ
ཆེ་བས,ཆེ་བ
ཆེ་སའི,ཆེ་ས
ཆེ་སར,ཆེ་ས
ཆེད་མཁས་པའི,ཆེད་མཁས་པ
ཆེད་མཁས་པར,ཆེད་མཁས་པ
ཆེད་མཁས་པས,ཆེད་མཁས་པ
ཆེད་མཁས་བའི,ཆེད་མཁས་བ
ཆེད་ལས,ཆེད་ལ
ཆེད་ལས་པའི,ཆེད་ལས་པ
ཆེད་ལས་པར,ཆེད་ལས་པ
ཆེད་ལས་པས,ཆེད་ལས་པ
ཆེན་མའི,ཆེན་མ
ཆེས་ཆེ་བའི,ཆེས་ཆེ་བ
ཆེས་ཐོག་མར,ཆེས་ཐོག་མ
ཆེས་པའི,ཆེས་པ
ཆེས་པས,ཆེས་པ
ཆོ་གའི,ཆོ་ག
ཆོ་གར,ཆོ་ག
ཆོག་པའི,ཆོག་པ
ཆོག་པར,ཆོག་པ
ཆོག་པས,ཆོག་པ
ཆོད་པའི,ཆོད་པ
ཆོད་པར,ཆོད་པ
ཆོལ་ཁའི,ཆོལ་ཁ
ཆོལ་ཁས,ཆོལ་ཁ
ཆོས་ཀྱི་ཉི་མས,ཆོས་ཀྱི་ཉི་མ
ཆོས་སྐྱིད་སྒྲོལ་མས,ཆོས་སྐྱིད་སྒྲོལ་མ
ཆོས་གྲྭའི,ཆོས་གྲྭ
ཆོས་གྲྭར,ཆོས་གྲྭ
ཆོས་རྒྱལ་འཕགས་པའི,ཆོས་རྒྱལ་འཕགས་པ
ཆོས་པའི,ཆོས་པ
ཆོས་པས,ཆོས་པ
ཆོས་དབང་གྲགས་པའི,ཆོས་དབང་གྲགས་པ
ཆོས་དབང་གྲགས་པས,ཆོས་དབང་གྲགས་པ
ཆོས་རའི,ཆོས་ར
ཆོས་རར,ཆོས་ར
ཆོས་ལུགས་པའི,ཆོས་ལུགས་པ
ཆོས་ལུགས་པར,ཆོས་ལུགས་པ
ཆོས་ལུགས་པས,ཆོས་ལུགས་པ
མཆད་པའི,མཆད་པ
མཆི་མའི,མཆི་མ
མཆི་མས,མཆི་མ
མཆིན་པའི,མཆིན་པ
མཆིལ་མས,མཆིལ་མ
མཆིས་པའི,མཆིས་པ
མཆིས་པས,མཆིས་པ
མཆུ་སྦྱོར་བའི,མཆུ་སྦྱོར་བ
མཆེད་པའི,མཆེད་པ
མཆེད་པར,མཆེད་པ
མཆེད་སའི,མཆེད་ས
མཆོག་དགར,མཆོག་དགའ
མཆོག་ཏུ་གྱུར་པའི,མཆོག་ཏུ་གྱུར་པ
མཆོག་ཏུ་གྱུར་པར,མཆོག་ཏུ་གྱུར་པ
མཆོག་ཏུ་གྱུར་པས,མཆོག་ཏུ་གྱུར་པ
མཆོང་བའི,མཆོང་བ
མཆོད་ཆས,མཆོད་ཆ
མཆོད་པའི,མཆོད་པ
མཆོད་པར,མཆོད་པ
མཆོད་པས,མཆོད་པ
མཆོད་བཞེངས་པའི,མཆོད་བཞེངས་པ
འཆང་བའི,འཆང་བ
འཆད་པའི,འཆད་པ
འཆད་པར,འཆད་པ
འཆའ་བའི,འཆའ་བ
འཆར་བའི,འཆར་བ
འཆར་བར,འཆར་བ
འཆར་བས,འཆར་བ
འཆི་ཁའི,འཆི་ཁ
འཆི་ཁར,འཆི་ཁ
འཆི་བའི,འཆི་བ
འཆི་བར,འཆི་བ
འཆིང་རྒྱར,འཆིང་རྒྱ
འཆིང་བའི,འཆིང་བ
འཆིང་བར,འཆིང་བ
འཆོར་བའི,འཆོར་བ
འཆོས་པའི,འཆོས་པ
འཆོས་པར,འཆོས་པ
ཇ་རྟའི,ཇ་རྟ
ཇ་མར,ཇ་མ
ཇག་པས,ཇག་པ
ཇི་སྙེད་པའི,ཇི་སྙེད་པ
ཇི་ལྟར,ཇི་ལྟ
ཇི་འདྲའི,ཇི་འདྲ
ཇི་འདྲར,ཇི་འདྲ
ཇི་མི་སྙམ་པའི,ཇི་མི་སྙམ་པ
ཇེ་དམར,ཇེ་དམ
ཇེ་དམར,ཇེ་དམའ
ཇོ་ནང་པའི,ཇོ་ནང་པ
ཇོ་ནང་པར,ཇོ་ནང་པ
ཇོ་མོ་གླང་མའི,ཇོ་མོ་གླང་མ
ཇོ་མོ་གླང་མར,ཇོ་མོ་གླང་མ
མཇལ་བསྐོར་བའི,མཇལ་བསྐོར་བ
མཇལ་བའི,མཇལ་བ
མཇལ་བར,མཇལ་བ
མཇལ་བས,མཇལ་བ
མཇུག་སྒྲིལ་བའི,མཇུག་སྒྲིལ་བ
མཇུག་བསྒྲིལ་བའི,མཇུག་བསྒྲིལ་བ
མཇུག་བསྒྲིལ་བར,མཇུག་བསྒྲིལ་བ
མཇུག་མཐའི,མཇུག་མཐ
མཇུག་མཐར,མཇུག་མཐ
མཇུག་བར,མཇུག་བ
འཇགས་པའི,འཇགས་པ
འཇགས་པར,འཇགས་པ
འཇབ་རྒོལ་བའི,འཇབ་རྒོལ་བ
འཇམ་མགོན་བླ་མའི,འཇམ་མགོན་བླ་མ
འཇམ་པའི,འཇམ་པ
འཇམ་དབྱངས་གྲགས་པས,འཇམ་དབྱངས་གྲགས་པ
འཇམ་དབྱངས་བཞད་པའི,འཇམ་དབྱངས་བཞད་པ
འཇམ་དབྱངས་བཞད་པས,འཇམ་དབྱངས་བཞད་པ
འཇལ་བའི,འཇལ་བ
འཇིག་རྟེན་པའི,འཇིག་རྟེན་པ
འཇིག་རྟེན་པར,འཇིག་རྟེན་པ
འཇིག་པའི,འཇིག་པ
འཇིགས་པའི,འཇིགས་པ
འཇིགས་པར,འཇིགས་པ
འཇིགས་པས,འཇིགས་པ
འཇིགས་སུ་རུང་བའི,འཇིགས་སུ་རུང་བ
འཇིམ་པའི,འཇིམ་པ
འཇུ་བར,འཇུ་བ
འཇུག་པའི,འཇུག་པ
འཇུག་པར,འཇུག་པ
འཇུག་པས,འཇུག་པ
འཇེབས་པའི,འཇེབས་པ
འཇོ་བའི,འཇོ་བ
འཇོག་པའི,འཇོག་པ
འཇོག་པར,འཇོག་པ
འཇོག་པས,འཇོག་པ
འཇོག་སའི,འཇོག་ས
འཇོན་པའི,འཇོན་པ
འཇོམས་པའི,འཇོམས་པ
འཇོམས་པར,འཇོམས་པ
རྗུད་པའི,རྗུད་པ
རྗེ་བླ་མའི,རྗེ་བླ་མ
རྗེ་བླ་མས,རྗེ་བླ་མ
རྗེ་ཙོང་ཁ་པའི,རྗེ་ཙོང་ཁ་པ
རྗེ་ཙོང་ཁ་པས,རྗེ་ཙོང་ཁ་པ
རྗེ་ཙོང་ཁ་བའི,རྗེ་ཙོང་ཁ་བ
རྗེ་བཙུན་དམ་པའི,རྗེ་བཙུན་དམ་པ
རྗེ་བཙུན་མའི,རྗེ་བཙུན་མ
རྗེན་པར,རྗེན་པ
རྗེན་པས,རྗེན་པ
རྗེས་མཐུན་པའི,རྗེས་མཐུན་པ
རྗེས་ནས,རྗེས་ན
རྗེས་མའི,རྗེས་མ
རྗེས་མར,རྗེས་མ
ལྗིད་པའི,ལྗིད་པ
ལྗོན་པའི,ལྗོན་པ
བརྗིད་ཆགས་པའི,བརྗིད་ཆགས་པ
བརྗིད་པའི,བརྗིད་པ
བརྗེ་བའི,བརྗེ་བ
བརྗེད་པའི,བརྗེད་པ
བརྗེད་པར,བརྗེད་པ
བརྗེས་པའི,བརྗེས་པ
བརྗོད་བདེ་བའི,བརྗོད་བདེ་བ
བརྗོད་བདེ་བར,བརྗོད་བདེ་བ
བརྗོད་པའི,བརྗོད་པ
བརྗོད་པར,བརྗོད་པ
བརྗོད་པས,བརྗོད་པ
བརྗོད་བྱའི,བརྗོད་བྱ
བརྗོད་བྱར,བརྗོད་བྱ
བརྗོད་བྱས,བརྗོད་བྱ
ཉག་ཕྲ་བའི,ཉག་ཕྲ་བ
ཉན་ནས,ཉན་ན
ཉན་པའི,ཉན་པ
ཉན་པར,ཉན་པ
ཉམ་ང་བའི,ཉམ་ང་བ
ཉམ་ངའི,ཉམ་ང
ཉམ་ཐག་པའི,ཉམ་ཐག་པ
ཉམས་དགའ་བའི,ཉམས་དགའ་བ
ཉམས་དགའི,ཉམས་དག
ཉམས་དགའི,ཉམས་དགའ
ཉམས་ལྡན་པའི,ཉམས་ལྡན་པ
ཉམས་པའི,ཉམས་པ
ཉམས་པར,ཉམས་པ
ཉམས་པས,ཉམས་པ
ཉམས་ཞིབ་པར,ཉམས་ཞིབ་པ
ཉམས་སུ་མྱོང་བའི,ཉམས་སུ་མྱོང་བ
ཉམས་སུ་མྱོང་བར,ཉམས་སུ་མྱོང་བ
ཉམས་སུ་ལེན་པའི,ཉམས་སུ་ལེན་པ
ཉར་བའི,ཉར་བ
ཉར་བར,ཉར་བ
ཉལ་ཁར,ཉལ་ཁ
ཉལ་བའི,ཉལ་བ
ཉལ་བས,ཉལ་བ
ཉལ་སའི,ཉལ་ས
ཉི་མ་རྟག་པར,ཉི་མ་རྟག་པ
ཉི་མའི,ཉི་མ
ཉི་མར,ཉི་མ
ཉི་མས,ཉི་མ
ཉི་ཚེ་བའི,ཉི་ཚེ་བ
ཉི་ཟླའི,ཉི་ཟླ
ཉི་ཟླར,ཉི་ཟླ
ཉི་ཟླས,ཉི་ཟླ
ཉི་ཤུ་པའི,ཉི་ཤུ་པ
ཉི་ཤུ་པར,ཉི་ཤུ་པ
ཉི་ཤུ་བའི,ཉི་ཤུ་བ
ཉི་ཤུ་རྩ་ལྔའི,ཉི་ཤུ་རྩ་ལྔ
ཉི་ཤུ་རྩ་ལྔས,ཉི་ཤུ་རྩ་ལྔ
ཉིན་འགའི,ཉིན་འགའ
ཉིན་གཉིས་པར,ཉིན་གཉིས་པ
ཉིན་པའི,ཉིན་པ
ཉིན་པར,ཉིན་པ
ཉིན་ཤར,ཉིན་ཤ
ཉིན་ཤས,ཉིན་ཤ
ཉིས་བརྒྱའི,ཉིས་བརྒྱ
ཉིས་བརྒྱར,ཉིས་བརྒྱ
ཉིས་སྟོང་ལྔ་བརྒྱའི,ཉིས་སྟོང་ལྔ་བརྒྱ
ཉུང་མཐར,ཉུང་མཐའ
ཉུང་བའི,ཉུང་བ
ཉུང་བར,ཉུང་བ
ཉུང་བས,ཉུང་བ
ཉུལ་བའི,ཉུལ་བ
ཉེ་བའི,ཉེ་བ
ཉེ་བར,ཉེ་བ
ཉེ་བར་མཁོ་བའི,ཉེ་བར་མཁོ་བ
ཉེ་བས,ཉེ་བ
ཉེ་སའི,ཉེ་ས
ཉེ་སར,ཉེ་ས
ཉེན་ཁའི,ཉེན་ཁ
ཉེན་ཁར,ཉེན་ཁ
ཉེན་རྟོག་པའི,ཉེན་རྟོག་པ
ཉེན་རྟོག་པས,ཉེན་རྟོག་པ
ཉེན་རྟོགས་པའི,ཉེན་རྟོགས་པ
ཉེན་བརྡས,ཉེན་བརྡ
ཉེར་དགུ་བར,ཉེར་དགུ་བ
ཉེར་ལྔའི,ཉེར་ལྔ
ཉེར་གསུམ་པར,ཉེར་གསུམ་པ
ཉེས་པའི,ཉེས་པ
ཉེས་པར,ཉེས་པ
ཉོ་བའི,ཉོ་བ
ཉོ་བར,ཉོ་བ
ཉོ་སའི,ཉོ་ས
ཉོན་མོངས་པའི,ཉོན་མོངས་པ
ཉོས་པའི,ཉོས་པ
ཉོས་པར,ཉོས་པ
གཉན་པའི,གཉན་པ
གཉན་པས,གཉན་པ
གཉན་པོ་གསང་བའི,གཉན་པོ་གསང་བ
གཉན་པོ་གསང་བར,གཉན་པོ་གསང་བ
གཉའ་བར,གཉའ་བ
གཉི་ཀའི,གཉི་ཀ
གཉི་གའི,གཉི་ག
གཉི་གར,གཉི་ག
གཉིས་ཀའི,གཉིས་ཀ
གཉིས་ཀར,གཉིས་ཀ
གཉིས་ཀས,གཉིས་ཀ
གཉིས་ཆར,གཉིས་ཆ
གཉིས་པའི,གཉིས་པ
གཉིས་པར,གཉིས་པ
གཉིས་པས,གཉིས་པ
གཉིས་ལས,གཉིས་ལ
གཉིས་སུ་མེད་པའི,གཉིས་སུ་མེད་པ
གཉིས་སུ་མེད་པར,གཉིས་སུ་མེད་པ
གཉིས་སུ་མེད་པས,གཉིས་སུ་མེད་པ
གཉུག་མའི,གཉུག་མ
གཉུག་མར,གཉུག་མ
གཉེར་པའི,གཉེར་པ
གཉེར་བའི,གཉེར་བ
གཉེར་བར,གཉེར་བ
གཉེར་མའི,གཉེར་མ
གཉོམ་པའི,གཉོམ་པ
གཉོམ་པས,གཉོམ་པ
མཉམ་པའི,མཉམ་པ
མཉམ་པར,མཉམ་པ
མཉེན་པའི,མཉེན་པ
མཉེན་པར,མཉེན་པ
མཉེས་པའི,མཉེས་པ
མཉེས་པར,མཉེས་པ
མཉེས་པས,མཉེས་པ
རྙིང་པའི,རྙིང་པ
རྙིང་པས,རྙིང་པ
རྙིང་བའི,རྙིང་བ
རྙིང་མ་པས,རྙིང་མ་པ
རྙིང་མ་བའི,རྙིང་མ་བ
རྙིང་མའི,རྙིང་མ
རྙིང་མར,རྙིང་མ
རྙིད་པར,རྙིད་པ
རྙེད་དཀའི,རྙེད་དཀའ
རྙེད་ནས,རྙེད་ན
རྙེད་པའི,རྙེད་པ
རྙེད་པར,རྙེད་པ
རྙེད་པས,རྙེད་པ
རྙོག་པའི,རྙོག་པ
སྙན་སྒྲོན་པའི,སྙན་སྒྲོན་པ
སྙན་སྒྲོན་པར,སྙན་སྒྲོན་པ
སྙན་སྒྲོན་པས,སྙན་སྒྲོན་པ
སྙན་ངག་པའི,སྙན་ངག་པ
སྙན་ངག་པས,སྙན་ངག་པ
སྙན་པའི,སྙན་པ
སྙན་པས,སྙན་པ
སྙམ་པའི,སྙམ་པ
སྙམ་པར,སྙམ་པ
སྙམ་པས,སྙམ་པ
སྙི་བས,སྙི་བ
སྙིགས་མའི,སྙིགས་མ
སྙིང་ཁར,སྙིང་ཁ
སྙིང་གར,སྙིང་ག
སྙིང་རྗེ་མེད་པའི,སྙིང་རྗེ་མེད་པ
སྙིང་ཉེ་བའི,སྙིང་ཉེ་བ
སྙིང་བརྩེ་བའི,སྙིང་བརྩེ་བ
སྙེ་མའི,སྙེ་མ
སྙེགས་པའི,སྙེགས་པ
སྙེམས་པའི,སྙེམས་པ
སྙོམ་པར,སྙོམ་པ
སྙོམས་པའི,སྙོམས་པ
སྙོམས་པར,སྙོམས་པ
སྙོམས་པས,སྙོམས་པ
སྙོལ་རྫའི,སྙོལ་རྫ
བརྙན་པར,བརྙན་པ
བརྙེས་པའི,བརྙེས་པ
བསྙད་པའི,བསྙད་པ
བསྙད་པར,བསྙད་པ
བསྙལ་བའི,བསྙལ་བ
བསྙལ་བས,བསྙལ་བ
བསྙིལ་བར,བསྙིལ་བ
བསྙེགས་པའི,བསྙེགས་པ
བསྙེན་པའི,བསྙེན་པ
བསྙོན་དུ་མེད་པས,བསྙོན་དུ་མེད་པ
བསྙོར་བའི,བསྙོར་བ
ཏ་ལའི,ཏ་ལ
ཏཱ་ལའི,ཏཱ་ལ
ཏཱ་ལའི་བླ་མའི,ཏཱ་ལའི་བླ་མ
ཏཱ་ལའི་བླ་མར,ཏཱ་ལའི་བླ་མ
ཏཱ་ལའི་བླ་མས,ཏཱ་ལའི་བླ་མ
ཏི་ཧྭ་ནར,ཏི་ཧྭ་ན
ཏོ་རེ་སྟག་གཉས,ཏོ་རེ་སྟག་གཉའ
གཏང་ནས,གཏང་ན
གཏམས་པའི,གཏམས་པ
གཏའ་མར,གཏའ་མ
གཏིང་ཚུགས་པར,གཏིང་ཚུགས་པ
གཏིང་ཟབ་པའི,གཏིང་ཟབ་པ
གཏིང་ཟབ་པར,གཏིང་ཟབ་པ
གཏིང་ཟབ་པས,གཏིང་ཟབ་པ
གཏུགས་པའི,གཏུགས་པ
གཏུགས་པས,གཏུགས་པ
གཏུབ་ནས,གཏུབ་ན
གཏུབ་པའི,གཏུབ་པ
གཏུབས་པའི,གཏུབས་པ
གཏེར་ཁའི,གཏེར་ཁ
གཏེར་མའི,གཏེར་མ
གཏོགས་པའི,གཏོགས་པ
གཏོགས་པར,གཏོགས་པ
གཏོགས་པས,གཏོགས་པ
གཏོང་གས,གཏོང་ག
གཏོང་པའི,གཏོང་པ
གཏོང་པར,གཏོང་པ
གཏོང་པས,གཏོང་པ
གཏོང་བའི,གཏོང་བ
གཏོང་བར,གཏོང་བ
གཏོང་བས,གཏོང་བ
གཏོང་ཡས,གཏོང་ཡ
གཏོང་སའི,གཏོང་ས
གཏོད་པར,གཏོད་པ
གཏོད་པས,གཏོད་པ
གཏོད་སའི,གཏོད་ས
གཏོར་བའི,གཏོར་བ
གཏོར་བར,གཏོར་བ
གཏོར་བས,གཏོར་བ
བཏགས་ནས,བཏགས་ན
བཏགས་པའི,བཏགས་པ
བཏགས་པར,བཏགས་པ
བཏགས་པས,བཏགས་པ
བཏང་གས,བཏང་ག
བཏང་ནས,བཏང་ན
བཏང་པའི,བཏང་པ
བཏང་བའི,བཏང་བ
བཏང་བར,བཏང་བ
བཏང་བས,བཏང་བ
བཏབ་པའི,བཏབ་པ
བཏབ་པར,བཏབ་པ
བཏབ་པས,བཏབ་པ
བཏབས་པའི,བཏབས་པ
བཏམས་པའི,བཏམས་པ
བཏིང་བའི,བཏིང་བ
བཏུ་བའི,བཏུ་བ
བཏུང་བའི,བཏུང་བ
བཏུངས་པས,བཏུངས་པ
བཏུམས་པའི,བཏུམས་པ
བཏུལ་བའི,བཏུལ་བ
བཏུལ་བས,བཏུལ་བ
བཏུས་པས,བཏུས་པ
བཏེགས་པའི,བཏེགས་པ
བཏོད་པའི,བཏོད་པ
བཏོད་པར,བཏོད་པ
བཏོད་པས,བཏོད་པ
བཏོན་ནས,བཏོན་ན
བཏོན་པའི,བཏོན་པ
བཏོན་པར,བཏོན་པ
བཏོན་པས,བཏོན་པ
རྟ་མགྲིན་སྒྲོལ་མས,རྟ་མགྲིན་སྒྲོལ་མ
རྟ་རྔས,རྟ་རྔ
རྟ་འདོ་བའི,རྟ་འདོ་བ
རྟ་པས,རྟ་པ
རྟ་ལས,རྟ་ལ
རྟག་པའི,རྟག་པ
རྟག་པར,རྟག་པ
རྟགས་ཀྱི་འཇུག་པའི,རྟགས་ཀྱི་འཇུག་པ
རྟགས་ཀྱི་འཇུག་པར,རྟགས་ཀྱི་འཇུག་པ
རྟགས་མའི,རྟགས་མ
རྟེན་དང་བརྟེན་པའི,རྟེན་དང་བརྟེན་པ
རྟེན་དང་བརྟེན་པར,རྟེན་དང་བརྟེན་པ
རྟེན་པའི,རྟེན་པ
རྟེན་སའི,རྟེན་ས
རྟོག་པའི,རྟོག་པ
རྟོག་པས,རྟོག་པ
རྟོགས་པའི,རྟོགས་པ
རྟོགས་པར,རྟོགས་པ
ལྟ་གར,ལྟ་ག
ལྟ་གས,ལྟ་ག
ལྟ་ན་སྡུག་པའི,ལྟ་ན་སྡུག་པ
ལྟ་བའི,ལྟ་བ
ལྟ་བར,ལྟ་བ
ལྟ་བས,ལྟ་བ
ལྟག་པའི,ལྟག་པ
ལྟག་པར,ལྟག་པ
ལྟད་མོ་བའི,ལྟད་མོ་བ
ལྟད་མོ་བར,ལྟད་མོ་བ
ལྟེ་བའི,ལྟེ་བ
ལྟེ་བར,ལྟེ་བ
ལྟོ་བའི,ལྟོ་བ
ལྟོ་བར,ལྟོ་བ
ལྟོགས་པས,ལྟོགས་པ
ལྟོས་པའི,ལྟོས་པ
ལྟོས་པར,ལྟོས་པ
སྟག་པའི,སྟག་པ
སྟག་པས,སྟག་པ
སྟག་ཚང་བླ་མའི,སྟག་ཚང་བླ་མ
སྟག་ཚང་རས་པའི,སྟག་ཚང་རས་པ
སྟག་ཚང་རས་པས,སྟག་ཚང་རས་པ
སྟག་ཤར,སྟག་ཤ
སྟག་ལྷའི,སྟག་ལྷ
སྟབས་བདེ་བའི,སྟབས་བདེ་བ
སྟར་གའི,སྟར་ག
སྟར་བར,སྟར་བ
སྟེང་ནས,སྟེང་ན
སྟེར་བའི,སྟེར་བ
སྟེར་བར,སྟེར་བ
སྟེར་བས,སྟེར་བ
སྟོང་ཆར,སྟོང་ཆ
སྟོང་པའི,སྟོང་པ
སྟོང་པར,སྟོང་པ
སྟོང་བའི,སྟོང་བ
སྟོང་ལོ་གསར་པའི,སྟོང་ལོ་གསར་པ
སྟོན་ཀར,སྟོན་ཀ
སྟོན་ཁའི,སྟོན་ཁ
སྟོན་ཁར,སྟོན་ཁ
སྟོན་པའི,སྟོན་པ
སྟོན་པར,སྟོན་པ
སྟོན་པས,སྟོན་པ
སྟོན་ཟླའི,སྟོན་ཟླ
བརྟག་པའི,བརྟག་པ
བརྟག་པར,བརྟག་པ
བརྟན་པའི,བརྟན་པ
བརྟན་པར,བརྟན་པ
བརྟས་པའི,བརྟས་པ
བརྟེན་པའི,བརྟེན་པ
བརྟེན་པར,བརྟེན་པ
བརྟེན་པས,བརྟེན་པ
བརྟོལ་བའི,བརྟོལ་བ
བརྟོལ་བས,བརྟོལ་བ
བལྟ་ནས,བལྟ་ན
བལྟ་བའི,བལྟ་བ
བལྟ་བར,བལྟ་བ
བལྟམས་པའི,བལྟམས་པ
བལྟས་ནས,བལྟས་ན
བལྟས་པའི,བལྟས་པ
བལྟས་པར,བལྟས་པ
བལྟས་པས,བལྟས་པ
བསྟན་པའི,བསྟན་པ
བསྟན་པའི་ཉི་མའི,བསྟན་པའི་ཉི་མ
བསྟན་པའི་ཉི་མས,བསྟན་པའི་ཉི་མ
བསྟན་པར,བསྟན་པ
བསྟན་པས,བསྟན་པ
བསྟན་བྱའི,བསྟན་བྱ
བསྟན་མས,བསྟན་མ
བསྟབས་པའི,བསྟབས་པ
བསྟར་བའི,བསྟར་བ
བསྟར་བར,བསྟར་བ
བསྟར་བས,བསྟར་བ
བསྟིམས་པའི,བསྟིམས་པ
བསྟུད་མར,བསྟུད་མ
བསྟུན་པའི,བསྟུན་པ
བསྟུན་པར,བསྟུན་པ
བསྟེན་པའི,བསྟེན་པ
བསྟེན་པར,བསྟེན་པ
བསྟོད་པའི,བསྟོད་པ
བསྟོད་པར,བསྟོད་པ
ཐ་དད་པའི,ཐ་དད་པ
ཐ་དད་པར,ཐ་དད་པ
ཐ་དད་པས,ཐ་དད་པ
ཐ་མའི,ཐ་མ
ཐ་མར,ཐ་མ
ཐ་མལ་པའི,ཐ་མལ་པ
ཐ་མལ་བའི,ཐ་མལ་བ
ཐག་གཅོད་པའི,ཐག་གཅོད་པ
ཐག་བཅད་པའི,ཐག་བཅད་པ
ཐག་ཆོད་པའི,ཐག་ཆོད་པ
ཐག་ཆོད་པར,ཐག་ཆོད་པ
ཐག་ཆོད་པས,ཐག་ཆོད་པ
ཐག་ཉེ་བའི,ཐག་ཉེ་བ
ཐག་ཉེ་བར,ཐག་ཉེ་བ
ཐག་ཉེ་སས,ཐག་ཉེ་ས
ཐག་པར,ཐག་པ
ཐག་པས,ཐག་པ
ཐག་རིང་བའི,ཐག་རིང་བ
ཐང་ཀའི,ཐང་ཀ
ཐང་ག་གསར་པའི,ཐང་ག་གསར་པ
ཐང་གའི,ཐང་ག
ཐང་གར,ཐང་ག
ཐང་ཆད་པའི,ཐང་ཆད་པ
ཐང་མའི,ཐང་མ
ཐང་མར,ཐང་མ
ཐང་མས,ཐང་མ
ཐང་སིན་བླ་མས,ཐང་སིན་བླ་མ
ཐད་ཀའི,ཐད་ཀ
ཐད་ཀར,ཐད་ཀ
ཐན་པའི,ཐན་པ
ཐན་ཙན་ནི་ཡའི,ཐན་ཙན་ནི་ཡ
ཐབ་ཀའི,ཐབ་ཀ
ཐབ་ལས,ཐབ་ལ
ཐབས་སྡུག་པས,ཐབས་སྡུག་པ
ཐབས་བྲལ་བའི,ཐབས་བྲལ་བ
ཐབས་མེད་པའི,ཐབས་མེད་པ
ཐབས་མེད་པས,ཐབས་མེད་པ
ཐམ་གའི,ཐམ་ག
ཐམས་ཅད་མཁྱེན་པའི,ཐམས་ཅད་མཁྱེན་པ
ཐར་པའི,ཐར་པ
ཐར་པར,ཐར་པ
ཐར་བའི,ཐར་བ
ཐར་བར,ཐར་བ
ཐར་བས,ཐར་བ
ཐལ་འགྱུར་བའི,ཐལ་འགྱུར་བ
ཐལ་བའི,ཐལ་བ
ཐལ་བར,ཐལ་བ
ཐལ་འཛར་མས,ཐལ་འཛར་མ
ཐིག་རྩས,ཐིག་རྩ
ཐིག་རིས་མས,ཐིག་རིས་མ
ཐིམ་པའི,ཐིམ་པ
ཐིམ་པར,ཐིམ་པ
ཐིམ་པས,ཐིམ་པ
ཐུག་པའི,ཐུག་པ
ཐུག་པར,ཐུག་པ
ཐུག་པས,ཐུག་པ
ཐུགས་རྒྱས,ཐུགས་རྒྱ
ཐུགས་བརྩེ་བའི,ཐུགས་བརྩེ་བ
ཐུགས་བརྩེ་བས,ཐུགས་བརྩེ་བ
ཐུང་བའི,ཐུང་བ
ཐུང་བས,ཐུང་བ
ཐུན་མོང་བའི,ཐུན་མོང་བ
ཐུན་མོང་མ་ཡིན་པའི,ཐུན་མོང་མ་ཡིན་པ
ཐུབ་བསྟན་ཉི་མའི,ཐུབ་བསྟན་ཉི་མ
ཐུབ་པའི,ཐུབ་པ
ཐུབ་པར,ཐུབ་པ
ཐུབ་པས,ཐུབ་པ
ཐུལ་བའི,ཐུལ་བ
ཐེ་བའི,ཐེ་བ
ཐེ་ཚོམ་མེད་པར,ཐེ་ཚོམ་མེད་པ
ཐེག་པའི,ཐེག་པ
ཐེག་པར,ཐེག་པ
ཐེངས་འགར,ཐེངས་འགའ
ཐེངས་དྲུག་པའི,ཐེངས་དྲུག་པ
ཐེབས་པའི,ཐེབས་པ
ཐེབས་པར,ཐེབས་པ
ཐེབས་པས,ཐེབས་པ
ཐེབས་རྩའི,ཐེབས་རྩ
ཐེབས་རྩས,ཐེབས་རྩ
ཐེམས་པའི,ཐེམས་པ
ཐེར་མས,ཐེར་མ
ཐོ་བའི,ཐོ་བ
ཐོ་བར,ཐོ་བ
ཐོག་ཁའི,ཐོག་ཁ
ཐོག་ཁར,ཐོག་ཁ
ཐོག་ནས,ཐོག་ན
ཐོག་མ་མེད་པའི,ཐོག་མ་མེད་པ
ཐོག་མའི,ཐོག་མ
ཐོག་མར,ཐོག་མ
ཐོགས་པ་མེད་པར,ཐོགས་པ་མེད་པ
ཐོགས་པ་མེད་པས,ཐོགས་པ་མེད་པ
ཐོགས་པའི,ཐོགས་པ
ཐོགས་པར,ཐོགས་པ
ཐོད་པའི,ཐོད་པ
ཐོད་པར,ཐོད་པ
ཐོན་སྐྱེད་འབྲེལ་བའི,ཐོན་སྐྱེད་འབྲེལ་བ
ཐོན་པའི,ཐོན་པ
ཐོན་པར,ཐོན་པ
ཐོན་པས,ཐོན་པ
ཐོན་སའི,ཐོན་ས
ཐོན་གསར་བའི,ཐོན་གསར་བ
ཐོབ་པའི,ཐོབ་པ
ཐོབ་པར,ཐོབ་པ
ཐོབ་པས,ཐོབ་པ
ཐོར་བའི,ཐོར་བ
ཐོར་བས,ཐོར་བ
ཐོས་པའི,ཐོས་པ
ཐོས་པར,ཐོས་པ
ཐོས་པས,ཐོས་པ
ཐོས་བསམ་པས,ཐོས་བསམ་པ
མཐའ་མའི,མཐའ་མ
མཐའ་མར,མཐའ་མ
མཐའ་མེད་པའི,མཐའ་མེད་པ
མཐའ་ཡས་པའི,མཐའ་ཡས་པ
མཐའ་ཡས་པས,མཐའ་ཡས་པ
མཐར་ཐུག་པའི,མཐར་ཐུག་པ
མཐར་ཕྱིན་པའི,མཐར་ཕྱིན་པ
མཐར་ཕྱིན་པར,མཐར་ཕྱིན་པ
མཐུག་པའི,མཐུག་པ
མཐུག་པས,མཐུག་པ
མཐུན་པའི,མཐུན་པ
མཐུན་པར,མཐུན་པ
མཐུན་པས,མཐུན་པ
མཐེབ་མཛུབ་མར,མཐེབ་མཛུབ་མ
མཐེབ་མཛུབ་མས,མཐེབ་མཛུབ་མ
མཐོ་ལྡིང་དགོན་པའི,མཐོ་ལྡིང་དགོན་པ
མཐོ་ལྡིང་དགོན་པར,མཐོ་ལྡིང་དགོན་པ
མཐོ་བའི,མཐོ་བ
མཐོ་བར,མཐོ་བ
མཐོ་བས,མཐོ་བ
མཐོ་རིམ་པའི,མཐོ་རིམ་པ
མཐོ་སའི,མཐོ་ས
མཐོ་སར,མཐོ་ས
མཐོང་པས,མཐོང་པ
མཐོང་བའི,མཐོང་བ
མཐོང་བར,མཐོང་བ
མཐོང་བས,མཐོང་བ
མཐོང་སའི,མཐོང་ས
འཐག་པའི,འཐག་པ
འཐག་པར,འཐག་པ
འཐད་པའི,འཐད་པ
འཐད་པར,འཐད་པ
འཐབ་པའི,འཐབ་པ
འཐབ་མོ་བར,འཐབ་མོ་བ
འཐབ་རྩོད་པའི,འཐབ་རྩོད་པ
འཐམས་པའི,འཐམས་པ
འཐིབས་པའི,འཐིབས་པ
འཐིབས་པར,འཐིབས་པ
འཐིབས་པས,འཐིབས་པ
འཐིམ་པའི,འཐིམ་པ
འཐུ་བའི,འཐུ་བ
འཐུ་བར,འཐུ་བ
འཐུང་བའི,འཐུང་བ
འཐུང་བས,འཐུང་བ
འཐུང་ཡས,འཐུང་ཡ
འཐུལ་བའི,འཐུལ་བ
འཐུལ་བས,འཐུལ་བ
འཐུས་སྒོ་ཚང་བའི,འཐུས་སྒོ་ཚང་བ
འཐུས་པའི,འཐུས་པ
འཐུས་པར,འཐུས་པ
འཐུས་ཚང་བའི,འཐུས་ཚང་བ
འཐུས་ཚབ་པས,འཐུས་ཚབ་པ
འཐེན་པའི,འཐེན་པ
འཐེབ་པའི,འཐེབ་པ
འཐོན་པའི,འཐོན་པ
འཐོབ་པར,འཐོབ་པ
འཐོམས་པའི,འཐོམས་པ
འཐོར་བའི,འཐོར་བ
འཐོར་བར,འཐོར་བ
འཐོར་བས,འཐོར་བ
ད་གར,ད་ག
ད་སྔའི,ད་སྔ
ད་ཆའི,ད་ཆ
ད་ཆར,ད་ཆ
ད་ལྟ་བའི,ད་ལྟ་བ
ད་ལྟ་བར,ད་ལྟ་བ
ད་ལྟ་བས,ད་ལྟ་བ
ད་ལྟའི,ད་ལྟ
ད་ལྟར,ད་ལྟ
ད་བར,ད་བ
དག་ཆའི,དག་ཆ
དག་པའི,དག་པ
དག་པར,དག་པ
དག་པས,དག་པ
དག་མའི,དག་མ
དང་གར,དང་ག
དང་བཅས་པའི,དང་བཅས་པ
དང་བཅས་པས,དང་བཅས་པ
དང་ལྡན་པའི,དང་ལྡན་པ
དང་པོ་བར,དང་པོ་བ
དང་བར,དང་བ
དང་བླངས་པའི,དང་བླངས་པ
དང་བླངས་པས,དང་བླངས་པ
དང་བླངས་བའི,དང་བླངས་བ
དང་ལས,དང་ལ
དད་ལྡན་པའི,དད་ལྡན་པ
དད་པའི,དད་པ
དད་པར,དད་པ
དད་པས,དད་པ
དམ་བཅའི,དམ་བཅ
དམ་བཅའི,དམ་བཅའ
དམ་བཅས,དམ་བཅ
དམ་བཅས,དམ་བཅའ
དམ་པའི,དམ་པ
དམ་པར,དམ་པ
དམ་པས,དམ་པ
དར་ཆའི,དར་ཆ
དར་བའི,དར་བ
དར་བར,དར་བ
དར་བས,དར་བ
དར་མའི,དར་མ
དར་མར,དར་མ
དར་མས,དར་མ
དར་ཚོན་སྣ་ལྔའི,དར་ཚོན་སྣ་ལྔ
དལ་བའི,དལ་བ
དལ་བས,དལ་བ
དྀང་བས,དྀང་བ
དུ་བའི,དུ་བ
དུ་བར,དུ་བ
དུ་བས,དུ་བ
དུ་མའི,དུ་མ
དུ་མར,དུ་མ
དུ་མས,དུ་མ
དུ་ཡོད་པའི,དུ་ཡོད་པ
དུག་རྩྭའི,དུག་རྩྭ
དུང་སྒྲས,དུང་སྒྲ
དུང་བའི,དུང་བ
དུངས་པའི,དུངས་པ
དུངས་པར,དུངས་པ
དུད་ཁར,དུད་ཁ
དུད་པའི,དུད་པ
དུད་པས,དུད་པ
དུབ་པའི,དུབ་པ
དུས་མཉམ་པའི,དུས་མཉམ་པ
དུས་ནས,དུས་ན
དུས་བྱས,དུས་བྱ
དུས་གསུམ་མཁྱེན་པའི,དུས་གསུམ་མཁྱེན་པ
དུས་གསུམ་མཁྱེན་པས,དུས་གསུམ་མཁྱེན་པ
དེ་གའི,དེ་ག
དེ་གར,དེ་ག
དེ་གས,དེ་ག
དེ་དགའི,དེ་དག
དེ་སྒྲའི,དེ་སྒྲ
དེ་སྔའི,དེ་སྔ
དེ་སྔར,དེ་སྔ
དེ་ལྟའི,དེ་ལྟ
དེ་ལྟར,དེ་ལྟ
དེ་འདྲ་བའི,དེ་འདྲ་བ
དེ་འདྲ་བར,དེ་འདྲ་བ
དེ་འདྲའི,དེ་འདྲ
དེ་འདྲར,དེ་འདྲ
དེ་འདྲས,དེ་འདྲ
དེ་ནས,དེ་ན
དེ་བར,དེ་བ
དེ་བས,དེ་བ
དེ་མིན་པའི,དེ་མིན་པ
དེ་བཞིན་གཤེགས་པའི,དེ་བཞིན་གཤེགས་པ
དེ་ལས,དེ་ལ
དེང་གི་ཆར,དེང་གི་ཆ
དེད་པའི,དེད་པ
དེད་པས,དེད་པ
དེས་ནས,དེས་ན
དོ་མཉམ་པའི,དོ་མཉམ་པ
དོ་མཉམ་པས,དོ་མཉམ་པ
དོ་དམ་པའི,དོ་དམ་པ
དོ་ཟླའི,དོ་ཟླ
དོ་རའི,དོ་ར
དོགས་པའི,དོགས་པ
དོགས་པས,དོགས་པ
དོང་ཁར,དོང་ཁ
དོད་པའི,དོད་པ
དོད་པར,དོད་པ
དོད་པས,དོད་པ
དོན་གྲུབ་རིན་ཆེན་པས,དོན་གྲུབ་རིན་ཆེན་པ
དོན་ལྔར,དོན་ལྔ
དོན་གཅིག་པའི,དོན་གཅིག་པ
དོན་དམ་པའི,དོན་དམ་པ
དོན་དམ་པར,དོན་དམ་པ
དོན་རིན་པས,དོན་རིན་པ
དོན་ལ་གནས་པའི,དོན་ལ་གནས་པ
དོར་བའི,དོར་བ
དོར་མའི,དོར་མ
དྭངས་པར,དྭངས་པ
དྭངས་པས,དྭངས་པ
དྭངས་བའི,དྭངས་བ
དྭངས་མའི,དྭངས་མ
དྭངས་མར,དྭངས་མ
དྲ་རྒྱའི,དྲ་རྒྱ
དྲ་རྒྱར,དྲ་རྒྱ
དྲ་བའི,དྲ་བ
དྲ་བར,དྲ་བ
དྲ་བས,དྲ་བ
དྲག་ནས,དྲག་ན
དྲག་པའི,དྲག་པ
དྲག་པར,དྲག་པ
དྲག་པས,དྲག་པ
དྲགས་པའི,དྲགས་པ
དྲགས་པས,དྲགས་པ
དྲངས་པའི,དྲངས་པ
དྲངས་པར,དྲངས་པ
དྲངས་པས,དྲངས་པ
དྲན་པའི,དྲན་པ
དྲན་པར,དྲན་པ
དྲན་པས,དྲན་པ
དྲན་སའི,དྲན་ས
དྲི་བའི,དྲི་བ
དྲི་བར,དྲི་བ
དྲི་མ་མེད་པར,དྲི་མ་མེད་པ
དྲི་མ་མེད་པས,དྲི་མ་མེད་པ
དྲི་མས,དྲི་མ
དྲི་ཞིམ་འཐུལ་བའི,དྲི་ཞིམ་འཐུལ་བ
དྲི་ཞིམ་འཐུལ་བས,དྲི་ཞིམ་འཐུལ་བ
དྲི་ཟའི,དྲི་ཟ
དྲིན་ཆེ་བའི,དྲིན་ཆེ་བ
དྲིན་དྲན་པའི,དྲིན་དྲན་པ
དྲིས་པའི,དྲིས་པ
དྲིས་པར,དྲིས་པ
དྲིས་པས,དྲིས་པ
དྲུག་བརྒྱའི,དྲུག་བརྒྱ
དྲུག་ཅུ་པར,དྲུག་ཅུ་པ
དྲུག་ཅུ་བའི,དྲུག་ཅུ་བ
དྲུག་ཅུ་རེ་ལྔའི,དྲུག་ཅུ་རེ་ལྔ
དྲུག་པའི,དྲུག་པ
དྲུག་པར,དྲུག་པ
དྲུག་པས,དྲུག་པ
དྲུབ་པའི,དྲུབ་པ
དྲུབ་པར,དྲུབ་པ
དྲེག་པར,དྲེག་པ
དྲེགས་པའི,དྲེགས་པ
དྲོ་བར,དྲོ་བ
དྲོ་བས,དྲོ་བ
དྲོས་ཇའི,དྲོས་ཇ
དྲྭ་རྒྱའི,དྲྭ་རྒྱ
དྲྭ་རྒྱར,དྲྭ་རྒྱ
དྲྭ་བའི,དྲྭ་བ
དྲྭ་བར,དྲྭ་བ
དྷ་རམ་ས་ལའི,དྷ་རམ་ས་ལ
གདགས་པའི,གདགས་པ
གདན་ཆས,གདན་ཆ
གདན་དྲངས་པས,གདན་དྲངས་པ
གདན་འདྲེན་པའི,གདན་འདྲེན་པ
གདན་སའི,གདན་ས
གདན་སར,གདན་ས
གདབ་པར,གདབ་པ
གདམ་པའི,གདམ་པ
གདམ་པར,གདམ་པ
གདམ་བྱའི,གདམ་བྱ
གདམས་པའི,གདམས་པ
གདམས་པར,གདམས་པ
གདུ་བའི,གདུ་བ
གདུང་བའི,གདུང་བ
གདུང་བར,གདུང་བ
གདུང་བས,གདུང་བ
གདུལ་བྱའི,གདུལ་བྱ
གདུལ་བྱར,གདུལ་བྱ
གདུས་པའི,གདུས་པ
གདུས་པར,གདུས་པ
གདོང་བའི,གདོང་བ
གདོད་མའི,གདོད་མ
གདོད་མར,གདོད་མ
གདོན་མི་ཟ་བར,གདོན་མི་ཟ་བ
གདོན་མི་ཟ་བས,གདོན་མི་ཟ་བ
བདག་སྒྲའི,བདག་སྒྲ
བདམས་པའི,བདམས་པ
བདམས་པར,བདམས་པ
བདམས་པས,བདམས་པ
བདའ་བར,བདའ་བ
བདར་བའི,བདར་བ
བདར་བས,བདར་བ
བདས་པའི,བདས་པ
བདུན་བརྒྱའི,བདུན་བརྒྱ
བདུན་བརྒྱར,བདུན་བརྒྱ
བདུན་ཅུ་པའི,བདུན་ཅུ་པ
བདུན་པའི,བདུན་པ
བདུན་པར,བདུན་པ
བདེ་བའི,བདེ་བ
བདེ་བར,བདེ་བ
བདེ་བས,བདེ་བ
བདེ་རྩའི,བདེ་རྩ
བདེན་པའི,བདེན་པ
བདེན་པར,བདེན་པ
བདོ་བའི,བདོ་བ
བདོག་པས,བདོག་པ
མདའ་པའི,མདའ་པ
མདུན་སར,མདུན་ས
མདོ་འཛིན་པའི,མདོ་འཛིན་པ
མདོ་འཛིན་པས,མདོ་འཛིན་པ
མདོར་བསྡུས་ནས,མདོར་བསྡུས་ན
མདོར་ནས,མདོར་ན
འདག་པར,འདག་པ
འདང་བའི,འདང་བ
འདང་བས,འདང་བ
འདན་མའི,འདན་མ
འདན་མས,འདན་མ
འདབ་མའི,འདབ་མ
འདམ་པའི,འདམ་པ
འདམ་རའི,འདམ་ར
འདའ་ཁའི,འདའ་ཁ
འདའ་བའི,འདའ་བ
འདའ་བར,འདའ་བ
འདར་བའི,འདར་བ
འདར་བར,འདར་བ
འདས་པའི,འདས་པ
འདས་པར,འདས་པ
འདས་པས,འདས་པ
འདས་བའི,འདས་བ
འདི་གའི,འདི་ག
འདི་གར,འདི་ག
འདི་གས,འདི་ག
འདི་འགའི,འདི་འགའ
འདི་འགར,འདི་འགའ
འདི་ལྟའི,འདི་ལྟ
འདི་ལྟར,འདི་ལྟ
འདི་འདྲ་བའི,འདི་འདྲ་བ
འདི་འདྲ་བར,འདི་འདྲ་བ
འདི་འདྲའི,འདི་འདྲ
འདི་ནས,འདི་ན
འདི་པས,འདི་པ
འདི་བར,འདི་བ
འདིང་བར,འདིང་བ
འདུ་བའི,འདུ་བ
འདུ་བར,འདུ་བ
འདུ་སའི,འདུ་ས
འདུག་གས,འདུག་ག
འདུག་པའི,འདུག་པ
འདུག་པར,འདུག་པ
འདུག་པས,འདུག་པ
འདུག་བས,འདུག་བ
འདུག་སར,འདུག་ས
འདུག་སེ་བྱས,འདུག་སེ་བྱ
འདུད་པར,འདུད་པ
འདུན་པའི,འདུན་པ
འདུན་པས,འདུན་པ
འདུན་མའི,འདུན་མ
འདུལ་བའི,འདུལ་བ
འདུལ་བར,འདུལ་བ
འདུལ་བས,འདུལ་བ
འདུས་པའི,འདུས་པ
འདུས་པར,འདུས་པ
འདུས་པས,འདུས་པ
འདུས་སའི,འདུས་ས
འདེགས་པར,འདེགས་པ
འདེད་པའི,འདེད་པ
འདེབས་པའི,འདེབས་པ
འདེབས་པར,འདེབས་པ
འདེམ་པའི,འདེམ་པ
འདེམས་པའི,འདེམས་པ
འདེམས་པར,འདེམས་པ
འདོག་པའི,འདོག་པ
འདོགས་པའི,འདོགས་པ
འདོགས་པར,འདོགས་པ
འདོགས་སའི,འདོགས་ས
འདོད་པའི,འདོད་པ
འདོད་པར,འདོད་པ
འདོད་པས,འདོད་པ
འདོད་ཡོན་སྣ་ལྔའི,འདོད་ཡོན་སྣ་ལྔ
འདོན་ཆའི,འདོན་ཆ
འདོན་པའི,འདོན་པ
འདོན་པར,འདོན་པ
འདོན་པས,འདོན་པ
འདོན་ཡས,འདོན་ཡ
འདོམས་པའི,འདོམས་པ
འདོམས་པར,འདོམས་པ
འདྲ་པའི,འདྲ་པ
འདྲ་པར,འདྲ་པ
འདྲ་བའི,འདྲ་བ
འདྲ་བར,འདྲ་བ
འདྲ་བས,འདྲ་བ
འདྲི་བའི,འདྲི་བ
འདྲི་བར,འདྲི་བ
འདྲིས་པའི,འདྲིས་པ
འདྲིས་པར,འདྲིས་པ
འདྲུད་པའི,འདྲུད་པ
འདྲེད་པར,འདྲེད་པ
འདྲེན་པའི,འདྲེན་པ
འདྲེན་པར,འདྲེན་པ
འདྲེས་པའི,འདྲེས་པ
འདྲེས་པར,འདྲེས་པ
འདྲེས་པས,འདྲེས་པ
འདྲེས་བའི,འདྲེས་བ
འདྲེས་མའི,འདྲེས་མ
འདྲེས་མར,འདྲེས་མ
འདྲེས་མས,འདྲེས་མ
འདྲོགས་པའི,འདྲོགས་པ
འདྲོང་བར,འདྲོང་བ
རྡ་རམ་ས་ལའི,རྡ་རམ་ས་ལ
རྡ་སའི,རྡ་ས
རྡ་སར,རྡ་ས
རྡུང་བའི,རྡུང་བ
རྡུང་བས,རྡུང་བ
རྡེབ་སྒྲས,རྡེབ་སྒྲ
རྡོ་རྗེ་ཉི་མའི,རྡོ་རྗེ་ཉི་མ
རྡོ་རྗེ་གདན་ནས,རྡོ་རྗེ་གདན་ན
རྡོ་རྗེ་སེམས་དཔའི,རྡོ་རྗེ་སེམས་དཔ
རྡོ་རྗེ་སེམས་དཔའི,རྡོ་རྗེ་སེམས་དཔའ
རྡོ་བའི,རྡོ་བ
རྡོ་བར,རྡོ་བ
རྡོག་པས,རྡོག་པ
རྡོལ་བའི,རྡོལ་བ
ལྡག་པའི,ལྡག་པ
ལྡང་བའི,ལྡང་བ
ལྡང་བས,ལྡང་བ
ལྡན་པའི,ལྡན་པ
ལྡན་པར,ལྡན་པ
ལྡན་པས,ལྡན་པ
ལྡི་ལི་ནས,ལྡི་ལི་ན
ལྡིང་བའི,ལྡིང་བ
ལྡིར་སྒྲའི,ལྡིར་སྒྲ
ལྡིར་བའི,ལྡིར་བ
ལྡུམ་རའི,ལྡུམ་ར
ལྡུམ་རྭའི,ལྡུམ་རྭ
ལྡེམ་པའི,ལྡེམ་པ
ལྡོག་པའི,ལྡོག་པ
ལྡོག་པར,ལྡོག་པ
ལྡོག་ཟླར,ལྡོག་ཟླ
སྡང་བའི,སྡང་བ
སྡང་བར,སྡང་བ
སྡར་མར,སྡར་མ
སྡིག་པའི,སྡིག་པ
སྡིངས་ཆའི,སྡིངས་ཆ
སྡུག་པའི,སྡུག་པ
སྡུད་པའི,སྡུད་པ
སྡེ་པར,སྡེ་པ
སྡེ་བའི,སྡེ་བ
སྡེ་བར,སྡེ་བ
སྡེབ་པའི,སྡེབ་པ
སྡེར་མའི,སྡེར་མ
སྡོད་པའི,སྡོད་པ
སྡོད་པར,སྡོད་པ
སྡོད་སའི,སྡོད་ས
སྡོམ་པའི,སྡོམ་པ
སྡོམ་པས,སྡོམ་པ
སྡོམ་བརྩོན་དམ་པར,སྡོམ་བརྩོན་དམ་པ
བརྡ་སྤྲོད་པའི,བརྡ་སྤྲོད་པ
བརྡ་སྤྲོད་རིག་པའི,བརྡ་སྤྲོད་རིག་པ
བརྡ་སྤྲོད་རིག་པར,བརྡ་སྤྲོད་རིག་པ
བརྡབས་པའི,བརྡབས་པ
བརྡར་བའི,བརྡར་བ
བརྡར་བས,བརྡར་བ
བརྡུང་བའི,བརྡུང་བ
བརྡུངས་བའི,བརྡུངས་བ
བརྡེག་པར,བརྡེག་པ
བརྡོལ་བའི,བརྡོལ་བ
བརྡོལ་བར,བརྡོལ་བ
བརྡོལ་བས,བརྡོལ་བ
བསྡད་གས,བསྡད་ག
བསྡད་ནས,བསྡད་ན
བསྡད་ནས,བསྡད་ནའ
བསྡད་པའི,བསྡད་པ
བསྡད་པར,བསྡད་པ
བསྡད་པས,བསྡད་པ
བསྡམ་པའི,བསྡམ་པ
བསྡམས་པའི,བསྡམས་པ
བསྡམས་པས,བསྡམས་པ
བསྡུ་བའི,བསྡུ་བ
བསྡུ་བར,བསྡུ་བ
བསྡུ་བས,བསྡུ་བ
བསྡུམས་པའི,བསྡུམས་པ
བསྡུས་གྲྭའི,བསྡུས་གྲྭ
བསྡུས་པའི,བསྡུས་པ
བསྡུས་པར,བསྡུས་པ
བསྡུས་པས,བསྡུས་པ
བསྡེབས་པའི,བསྡེབས་པ
བསྡེབས་པས,བསྡེབས་པ
བསྡོམས་ནས,བསྡོམས་ན
བསྡོམས་པའི,བསྡོམས་པ
བསྡོམས་པར,བསྡོམས་པ
བསྡོམས་པས,བསྡོམས་པ
ན་བའི,ན་བ
ན་ཚའི,ན་ཚ
ན་བཟའི,ན་བཟའ
ནང་ཆེན་པའི,ནང་ཆེན་པ
ནང་ཆོས་པའི,ནང་ཆོས་པ
ནང་བསྟན་པས,ནང་བསྟན་པ
ནང་པ་བའི,ནང་པ་བ
ནང་པའི,ནང་པ
ནང་པར,ནང་པ
ནང་བ་བའི,ནང་བ་བ
ནང་བའི,ནང་བ
ནང་མའི,ནང་མ
ནང་མར,ནང་མ
ནང་རིག་པའི,ནང་རིག་པ
ནང་ལས,ནང་ལ
ནང་ལོགས་ནས,ནང་ལོགས་ན
ནང་ཤའི,ནང་ཤ
ནངས་ཇའི,ནངས་ཇ
ནངས་པར,ནངས་པ
ནད་པའི,ནད་པ
ནད་པར,ནད་པ
ནད་ཞི་བར,ནད་ཞི་བ
ནམ་མཁའི,ནམ་མཁ
ནམ་མཁའི,ནམ་མཁའ
ནམ་མཁར,ནམ་མཁ
ནམ་མཁར,ནམ་མཁའ
ནམ་ཟླའི,ནམ་ཟླ
ནར་མར,ནར་མ
ནར་སོན་པའི,ནར་སོན་པ
ནུབ་ཇའི,ནུབ་ཇ
ནུབ་པའི,ནུབ་པ
ནུབ་པས,ནུབ་པ
ནུབ་ཕྱོགས་པའི,ནུབ་ཕྱོགས་པ
ནུབ་ཕྱོགས་པས,ནུབ་ཕྱོགས་པ
ནུབ་མའི,ནུབ་མ
ནུས་པའི,ནུས་པ
ནུས་པར,ནུས་པ
ནུས་པས,ནུས་པ
ནུས་བའི,ནུས་བ
ནོར་ནས,ནོར་ན
ནོར་བའི,ནོར་བ
ནོར་བས,ནོར་བ
ནོར་བུ་གླིང་ཁའི,ནོར་བུ་གླིང་ཁ
ནོར་བུ་གླིང་ཁར,ནོར་བུ་གླིང་ཁ
ནོར་བུ་གླིང་གའི,ནོར་བུ་གླིང་ག
ནོར་བུ་གླིང་གར,ནོར་བུ་གླིང་ག
ནོར་ལྷའི,ནོར་ལྷ
གནག་པའི,གནག་པ
གནག་པས,གནག་པ
གནང་པའི,གནང་པ
གནང་པར,གནང་པ
གནང་བའི,གནང་བ
གནང་བར,གནང་བ
གནང་བས,གནང་བ
གནང་སའི,གནང་ས
གནམ་སའི,གནམ་ས
གནམ་སར,གནམ་ས
གནའ་བའི,གནའ་བ
གནས་སྐོར་བའི,གནས་སྐོར་བ
གནས་པའི,གནས་པ
གནས་པར,གནས་པ
གནས་པས,གནས་པ
གནས་སྤོ་བའི,གནས་སྤོ་བ
གནས་བའི,གནས་བ
གནས་མེད་པར,གནས་མེད་པ
གནས་མེད་པས,གནས་མེད་པ
གནས་སའི,གནས་ས
གནོད་པ་སྐྱེལ་བའི,གནོད་པ་སྐྱེལ་བ
གནོད་པའི,གནོད་པ
གནོད་པར,གནོད་པ
གནོད་པས,གནོད་པ
གནོན་པའི,གནོན་པ
མནན་པའི,མནན་པ
མནན་པར,མནན་པ
མནའ་མར,མནའ་མ
མནར་བའི,མནར་བ
མནལ་བའི,མནལ་བ
མནོས་པའི,མནོས་པ
རྣ་བའི,རྣ་བ
རྣ་བར,རྣ་བ
རྣ་བས,རྣ་བ
རྣ་རྩར,རྣ་རྩ
རྣམ་པའི,རྣམ་པ
རྣམ་པར,རྣམ་པ
རྣམ་པར་བཀྲ་བའི,རྣམ་པར་བཀྲ་བ
རྣམ་པར་བཀྲ་བས,རྣམ་པར་བཀྲ་བ
རྣམ་པར་རྒྱལ་བའི,རྣམ་པར་རྒྱལ་བ
རྣམ་པར་རྒྱལ་བར,རྣམ་པར་རྒྱལ་བ
རྣམ་པར་དག་པའི,རྣམ་པར་དག་པ
རྣམ་པར་དག་པས,རྣམ་པར་དག་པ
རྣམ་པས,རྣམ་པ
རྣལ་འབྱོར་བའི,རྣལ་འབྱོར་བ
རྣལ་མའི,རྣལ་མ
རྣལ་མར,རྣལ་མ
རྣལ་མས,རྣལ་མ
སྣ་བརྒྱའི,སྣ་བརྒྱ
སྣ་ལྔའི,སྣ་ལྔ
སྣ་ཐའི,སྣ་ཐ
སྣ་ཚོགས་པའི,སྣ་ཚོགས་པ
སྣ་ཚོགས་པས,སྣ་ཚོགས་པ
སྣག་ཚའི,སྣག་ཚ
སྣག་ཚས,སྣག་ཚ
སྣང་པའི,སྣང་པ
སྣང་བའི,སྣང་བ
སྣང་བར,སྣང་བ
སྣང་བས,སྣང་བ
སྣར་ཐང་དགོན་པས,སྣར་ཐང་དགོན་པ
སྣར་ཐང་པར་མའི,སྣར་ཐང་པར་མ
སྣུམ་ཟས,སྣུམ་ཟ
སྣེ་ཁྲིད་པའི,སྣེ་ཁྲིད་པ
སྣེ་ཁྲིད་པར,སྣེ་ཁྲིད་པ
སྣེ་ཤན་པས,སྣེ་ཤན་པ
སྣོན་པའི,སྣོན་པ
སྣོན་མར,སྣོན་མ
སྣོལ་བའི,སྣོལ་བ
བརྣན་པའི,བརྣན་པ
བསྣན་པའི,བསྣན་པ
བསྣན་པས,བསྣན་པ
བསྣམས་པའི,བསྣམས་པ
བསྣུབས་པའི,བསྣུབས་པ
བསྣོལ་བའི,བསྣོལ་བ
པ་ཏྲའི,པ་ཏྲ
པ་ཏྲར,པ་ཏྲ
པ་ཏྲས,པ་ཏྲ
པགས་པའི,པགས་པ
པགས་པར,པགས་པ
པགས་པས,པགས་པ
པང་ཁའི,པང་ཁ
པད་མའི,པད་མ
པདྨ་རཱ་གའི,པདྨ་རཱ་ག
པཎ་ཊི་ཏས,པཎ་ཊི་ཏ
པཎྚི་ཏའི,པཎྚི་ཏ
པར་མའི,པར་མ
པོ་ཏ་ལའི,པོ་ཏ་ལ
པོ་ཏ་ལར,པོ་ཏ་ལ
པོ་ཏཱ་ལར,པོ་ཏཱ་ལ
པོད་ལྔའི,པོད་ལྔ
དཔག་ཏུ་མེད་པའི,དཔག་ཏུ་མེད་པ
དཔག་པའི,དཔག་པ
དཔག་པས,དཔག་པ
དཔགས་པའི,དཔགས་པ
དཔགས་པས,དཔགས་པ
དཔར་བའི,དཔར་བ
དཔར་མའི,དཔར་མ
དཔུང་པའི,དཔུང་པ
དཔེ་ཆའི,དཔེ་ཆ
དཔེ་ཆར,དཔེ་ཆ
དཔེ་མི་སྲིད་པའི,དཔེ་མི་སྲིད་པ
དཔེ་ཟླར,དཔེ་ཟླ
དཔྱངས་པའི,དཔྱངས་པ
དཔྱངས་པས,དཔྱངས་པ
དཔྱད་བརྗོད་པའི,དཔྱད་བརྗོད་པ
དཔྱད་འདེམ་པའི,དཔྱད་འདེམ་པ
དཔྱད་འདེམས་པའི,དཔྱད་འདེམས་པ
དཔྱད་པའི,དཔྱད་པ
དཔྱད་པར,དཔྱད་པ
དཔྱད་པས,དཔྱད་པ
དཔྱིད་ཀའི,དཔྱིད་ཀ
དཔྱིད་ཀར,དཔྱིད་ཀ
དཔྱིས་ཕྱིན་པའི,དཔྱིས་ཕྱིན་པ
དཔྱིས་ཕྱིན་པར,དཔྱིས་ཕྱིན་པ
དཔྱོད་པའི,དཔྱོད་པ
སྤང་མདའི,སྤང་མདའ
སྤང་བར,སྤང་བ
སྤང་བྱའི,སྤང་བྱ
སྤངས་པའི,སྤངས་པ
སྤངས་པར,སྤངས་པ
སྤངས་པས,སྤངས་པ
སྤར་བར,སྤར་བ
སྤུ་མས,སྤུ་མ
སྤུང་བས,སྤུང་བ
སྤུངས་པའི,སྤུངས་པ
སྤུངས་པས,སྤུངས་པ
སྤུངས་བའི,སྤུངས་བ
སྤུན་ཟླའི,སྤུན་ཟླ
སྤུན་ཟླར,སྤུན་ཟླ
སྤུན་ཟླས,སྤུན་ཟླ
སྤུས་ཀར,སྤུས་ཀ
སྤེན་པས,སྤེན་པ
སྤེལ་པའི,སྤེལ་པ
སྤེལ་བའི,སྤེལ་བ
སྤེལ་བར,སྤེལ་བ
སྤེལ་བས,སྤེལ་བ
སྤེལ་མའི,སྤེལ་མ
སྤེལ་མར,སྤེལ་མ
སྤེལ་མས,སྤེལ་མ
སྤེལ་སའི,སྤེལ་ས
སྤོ་བའི,སྤོ་བ
སྤོང་བའི,སྤོང་བ
སྤོང་བར,སྤོང་བ
སྤོབས་མཐས,སྤོབས་མཐའ
སྤོབས་པའི,སྤོབས་པ
སྤོབས་པས,སྤོབས་པ
སྤོས་པའི,སྤོས་པ
སྤྱང་བས,སྤྱང་བ
སྤྱད་པའི,སྤྱད་པ
སྤྱད་པས,སྤྱད་པ
སྤྱན་སྔར,སྤྱན་སྔ
སྤྱན་དྲངས་པས,སྤྱན་དྲངས་པ
སྤྱན་འདྲེན་པའི,སྤྱན་འདྲེན་པ
སྤྱན་མའི,སྤྱན་མ
སྤྱི་གཉེར་བའི,སྤྱི་གཉེར་བ
སྤྱི་པའི,སྤྱི་པ
སྤྱི་བའི,སྤྱི་བ
སྤྱིར་བཏང་བའི,སྤྱིར་བཏང་བ
སྤྱུགས་པའི,སྤྱུགས་པ
སྤྱོད་པའི,སྤྱོད་པ
སྤྱོད་པར,སྤྱོད་པ
སྤྱོད་པས,སྤྱོད་པ
སྤྲད་ནས,སྤྲད་ན
སྤྲད་པའི,སྤྲད་པ
སྤྲད་པར,སྤྲད་པ
སྤྲད་པས,སྤྲད་པ
སྤྲད་སའི,སྤྲད་ས
སྤྲས་པའི,སྤྲས་པ
སྤྲས་པས,སྤྲས་པ
སྤྲིངས་པའི,སྤྲིངས་པ
སྤྲིངས་པར,སྤྲིངས་པ
སྤྲིན་གྱི་ཕོ་ཉའི,སྤྲིན་གྱི་ཕོ་ཉ
སྤྲིན་པའི,སྤྲིན་པ
སྤྲིན་པར,སྤྲིན་པ
སྤྲིན་པས,སྤྲིན་པ
སྤྲུགས་པས,སྤྲུགས་པ
སྤྲུལ་པའི,སྤྲུལ་པ
སྤྲུལ་པར,སྤྲུལ་པ
སྤྲུལ་པས,སྤྲུལ་པ
སྤྲུལ་བའི,སྤྲུལ་བ
སྤྲོ་དགའི,སྤྲོ་དགའ
སྤྲོ་བའི,སྤྲོ་བ
སྤྲོ་བར,སྤྲོ་བ
སྤྲོ་བས,སྤྲོ་བ
སྤྲོ་སེམས་འཁོལ་བའི,སྤྲོ་སེམས་འཁོལ་བ
སྤྲོད་པའི,སྤྲོད་པ
སྤྲོད་པར,སྤྲོད་པ
སྤྲོད་སའི,སྤྲོད་ས
སྤྲོས་པའི,སྤྲོས་པ
སྤྲོས་པས,སྤྲོས་པ
ཕ་དམ་པའི,ཕ་དམ་པ
ཕ་མའི,ཕ་མ
ཕ་མར,ཕ་མ
ཕ་མས,ཕ་མ
ཕ་ཡུལ་གཅིག་པའི,ཕ་ཡུལ་གཅིག་པ
ཕ་རོལ་བའི,ཕ་རོལ་བ
ཕ་སར,ཕ་ས
ཕག་པའི,ཕག་པ
ཕག་མོ་གྲུ་པའི,ཕག་མོ་གྲུ་པ
ཕང་བར,ཕང་བ
ཕངས་པའི,ཕངས་པ
ཕན་ཐོགས་པའི,ཕན་ཐོགས་པ
ཕན་ཐོགས་པར,ཕན་ཐོགས་པ
ཕན་པའི,ཕན་པ
ཕན་པར,ཕན་པ
ཕན་པས,ཕན་པ
ཕབ་པའི,ཕབ་པ
ཕབ་པར,ཕབ་པ
ཕབ་པས,ཕབ་པ
ཕབས་རྟའི,ཕབས་རྟ
ཕམ་ཁའི,ཕམ་ཁ
ཕམ་པའི,ཕམ་པ
ཕམ་པར,ཕམ་པ
ཕར་ནས,ཕར་ན
ཕལ་ཆེ་བའི,ཕལ་ཆེ་བ
ཕལ་ཆེ་བར,ཕལ་ཆེ་བ
ཕལ་ཆེ་བས,ཕལ་ཆེ་བ
ཕལ་པའི,ཕལ་པ
ཕལ་པར,ཕལ་པ
ཕལ་བའི,ཕལ་བ
ཕལ་བར,ཕལ་བ
ཕུག་པའི,ཕུག་པ
ཕུད་པའི,ཕུད་པ
ཕུད་པས,ཕུད་པ
ཕུན་སུམ་ཚོགས་པའི,ཕུན་སུམ་ཚོགས་པ
ཕུན་སུམ་ཚོགས་པར,ཕུན་སུམ་ཚོགས་པ
ཕུན་སུམ་ཚོགས་པས,ཕུན་སུམ་ཚོགས་པ
ཕུབ་པའི,ཕུབ་པ
ཕུབ་པར,ཕུབ་པ
ཕུར་བའི,ཕུར་བ
ཕུལ་དུ་ཕྱིན་པའི,ཕུལ་དུ་ཕྱིན་པ
ཕུལ་དུ་བྱུང་བའི,ཕུལ་དུ་བྱུང་བ
ཕུལ་དུ་བྱུང་བས,ཕུལ་དུ་བྱུང་བ
ཕུལ་ནས,ཕུལ་ན
ཕུལ་བའི,ཕུལ་བ
ཕུལ་བར,ཕུལ་བ
ཕུལ་བས,ཕུལ་བ
ཕེབས་པའི,ཕེབས་པ
ཕེབས་པར,ཕེབས་པ
ཕོ་ཁའི,ཕོ་ཁ
ཕོ་ཁྱོ་གའི,ཕོ་ཁྱོ་ག
ཕོ་ཉའི,ཕོ་ཉ
ཕོ་ཉར,ཕོ་ཉ
ཕོ་ཉས,ཕོ་ཉ
ཕོ་བའི,ཕོ་བ
ཕོ་བར,ཕོ་བ
ཕོ་བས,ཕོ་བ
ཕོ་སྦྲའི,ཕོ་སྦྲ
ཕོ་ལྷ་བའི,ཕོ་ལྷ་བ
ཕོ་ལྷའི,ཕོ་ལྷ
ཕོག་པའི,ཕོག་པ
ཕོག་པར,ཕོག་པ
ཕོག་སའི,ཕོག་ས
ཕོགས་པའི,ཕོགས་པ
ཕོངས་པའི,ཕོངས་པ
ཕོད་པའི,ཕོད་པ
ཕོར་པའི,ཕོར་པ
ཕོར་པས,ཕོར་པ
ཕྱག་རྒྱས,ཕྱག་རྒྱ
ཕྱག་བཏབ་པས,ཕྱག་བཏབ་པ
ཕྱག་འཚལ་བའི,ཕྱག་འཚལ་བ
ཕྱད་པར,ཕྱད་པ
ཕྱི་གླིང་པའི,ཕྱི་གླིང་པ
ཕྱི་གླིང་པས,ཕྱི་གླིང་པ
ཕྱི་གླིང་བའི,ཕྱི་གླིང་བ
ཕྱི་རྒྱལ་བའི,ཕྱི་རྒྱལ་བ
ཕྱི་པའི,ཕྱི་པ
ཕྱི་པར,ཕྱི་པ
ཕྱི་མའི,ཕྱི་མ
ཕྱི་མར,ཕྱི་མ
ཕྱི་མས,ཕྱི་མ
ཕྱི་རབས་པའི,ཕྱི་རབས་པ
ཕྱི་རབས་པར,ཕྱི་རབས་པ
ཕྱི་རབས་པས,ཕྱི་རབས་པ
ཕྱི་རས,ཕྱི་ར
ཕྱི་རོལ་བའི,ཕྱི་རོལ་བ
ཕྱི་སའི,ཕྱི་ས
ཕྱིང་བའི,ཕྱིང་བ
ཕྱིན་ནས,ཕྱིན་ན
ཕྱིན་པའི,ཕྱིན་པ
ཕྱིན་པར,ཕྱིན་པ
ཕྱིན་པས,ཕྱིན་པ
ཕྱིར་ལྟས,ཕྱིར་ལྟ
ཕྱིར་ལོག་པའི,ཕྱིར་ལོག་པ
ཕྱུ་པའི,ཕྱུ་པ
ཕྱུག་པའི,ཕྱུག་པ
ཕྱུག་པས,ཕྱུག་པ
ཕྱུགས་པས,ཕྱུགས་པ
ཕྱུགས་ལྷས,ཕྱུགས་ལྷ
ཕྱུང་བའི,ཕྱུང་བ
ཕྱུང་བར,ཕྱུང་བ
ཕྱུར་བའི,ཕྱུར་བ
ཕྱུར་བར,ཕྱུར་བ
ཕྱེ་བའི,ཕྱེ་བ
ཕྱེ་བར,ཕྱེ་བ
ཕྱེ་མར,ཕྱེ་མ
ཕྱེད་ཀའི,ཕྱེད་ཀ
ཕྱེད་ཀར,ཕྱེད་ཀ
ཕྱེད་པར,ཕྱེད་པ
ཕྱེས་ནས,ཕྱེས་ན
ཕྱེས་པའི,ཕྱེས་པ
ཕྱེས་པར,ཕྱེས་པ
ཕྱེས་པས,ཕྱེས་པ
ཕྱོགས་སྔས,ཕྱོགས་སྔ
ཕྱོགས་མཐར,ཕྱོགས་མཐའ
ཕྱོགས་པའི,ཕྱོགས་པ
ཕྱོགས་པར,ཕྱོགས་པ
ཕྱོགས་རེ་བའི,ཕྱོགས་རེ་བ
ཕྱོགས་རེ་བར,ཕྱོགས་རེ་བ
ཕྲ་བའི,ཕྲ་བ
ཕྲ་བར,ཕྲ་བ
ཕྲ་མེན་མའི,ཕྲ་མེན་མ
ཕྲ་ཞིང་ཞིབ་པའི,ཕྲ་ཞིང་ཞིབ་པ
ཕྲག་པའི,ཕྲག་པ
ཕྲད་པའི,ཕྲད་པ
ཕྲུ་མའི,ཕྲུ་མ
ཕྲེང་བའི,ཕྲེང་བ
ཕྲེང་བར,ཕྲེང་བ
འཕགས་པ་ལྷའི,འཕགས་པ་ལྷ
འཕགས་པའི,འཕགས་པ
འཕགས་པའི་དགེ་འདུན་པས,འཕགས་པའི་དགེ་འདུན་པ
འཕགས་པར,འཕགས་པ
འཕགས་པས,འཕགས་པ
འཕགས་མ་སྒྲོལ་མས,འཕགས་མ་སྒྲོལ་མ
འཕང་མའི,འཕང་མ
འཕངས་པའི,འཕངས་པ
འཕངས་པས,འཕངས་པ
འཕར་བའི,འཕར་བ
འཕར་བར,འཕར་བ
འཕར་མའི,འཕར་མ
འཕར་མར,འཕར་མ
འཕུད་པའི,འཕུད་པ
འཕུར་བའི,འཕུར་བ
འཕུར་བར,འཕུར་བ
འཕུར་མའི,འཕུར་མ
འཕུལ་བའི,འཕུལ་བ
འཕེན་པའི,འཕེན་པ
འཕེན་པར,འཕེན་པ
འཕེར་བའི,འཕེར་བ
འཕེལ་བའི,འཕེལ་བ
འཕེལ་བར,འཕེལ་བ
འཕེལ་བས,འཕེལ་བ
འཕོ་བར,འཕོ་བ
འཕོས་པའི,འཕོས་པ
འཕོས་པས,འཕོས་པ
འཕྱང་བས,འཕྱང་བ
འཕྱན་པའི,འཕྱན་པ
འཕྱར་བར,འཕྱར་བ
འཕྱི་བའི,འཕྱི་བ
འཕྱི་བས,འཕྱི་བ
འཕྱུགས་པའི,འཕྱུགས་པ
འཕྱུར་བའི,འཕྱུར་བ
འཕྱོ་བའི,འཕྱོ་བ
འཕྲད་པའི,འཕྲད་པ
འཕྲད་པར,འཕྲད་པ
འཕྲད་པས,འཕྲད་པ
འཕྲལ་མར,འཕྲལ་མ
འཕྲུལ་ཆས,འཕྲུལ་ཆ
འཕྲུལ་རྟའི,འཕྲུལ་རྟ
འཕྲེང་བའི,འཕྲེང་བ
འཕྲེང་བར,འཕྲེང་བ
འཕྲོ་བའི,འཕྲོ་བ
འཕྲོ་བས,འཕྲོ་བ
འཕྲོག་པའི,འཕྲོག་པ
འཕྲོག་པར,འཕྲོག་པ
འཕྲོག་པས,འཕྲོག་པ
འཕྲོད་པའི,འཕྲོད་པ
འཕྲོད་པས,འཕྲོད་པ
འཕྲོས་པའི,འཕྲོས་པ
བ་ཚྭའི,བ་ཚྭ
བག་ཕེབས་པར,བག་ཕེབས་པ
བག་མའི,བག་མ
བག་མར,བག་མ
བག་མས,བག་མ
བབ་པའི,བབ་པ
བབས་པའི,བབས་པ
བབས་པར,བབས་པ
བབས་པས,བབས་པ
བར་པའི,བར་པ
བར་པས,བར་པ
བར་བའི,བར་བ
བར་བར,བར་བ
བར་མའི,བར་མ
བལ་མའི,བལ་མ
བས་མཐའི,བས་མཐའ
བུ་ཆུང་བས,བུ་ཆུང་བ
བུད་པའི,བུད་པ
བུད་པར,བུད་པ
བུད་པས,བུད་པ
བུམ་པའི,བུམ་པ
བེད་སྤྱད་པའི,བེད་སྤྱད་པ
བེེ་རོ་ཙ་ནའི,བེེ་རོ་ཙ་ན
བཻ་རོ་ཙ་ནས,བཻ་རོ་ཙ་ན
བོ་དོང་པའི,བོ་དོང་པ
བོད་མཁས་པས,བོད་མཁས་པ
བོད་རྒྱའི,བོད་རྒྱ
བོད་ནས,བོད་ན
བོད་པའི,བོད་པ
བོད་པར,བོད་པ
བོད་པས,བོད་པ
བོད་ཟླ་ལྔ་བའི,བོད་ཟླ་ལྔ་བ
བོད་རིག་པའི,བོད་རིག་པ
བོད་རིག་པར,བོད་རིག་པ
བོད་རིགས་སློབ་མས,བོད་རིགས་སློབ་མ
བོན་རྒྱས,བོན་རྒྱ
བོར་བའི,བོར་བ
བོར་བར,བོར་བ
བོར་བས,བོར་བ
བྱ་དཀར,བྱ་དཀའ
བྱ་ཁྲའི,བྱ་ཁྲ
བྱ་དགའི,བྱ་དག
བྱ་དགའི,བྱ་དགའ
བྱ་དགོས་པའི,བྱ་དགོས་པ
བྱ་བའི,བྱ་བ
བྱ་བར,བྱ་བ
བྱ་བས,བྱ་བ
བྱ་བྲལ་བའི,བྱ་བྲལ་བ
བྱ་བྲལ་བས,བྱ་བྲལ་བ
བྱ་ཤའི,བྱ་ཤ
བྱང་ཆུབ་པའི,བྱང་ཆུབ་པ
བྱང་ཆུབ་པས,བྱང་ཆུབ་པ
བྱང་ཆུབ་སེམས་དཔའི,བྱང་ཆུབ་སེམས་དཔ
བྱང་ཆུབ་སེམས་དཔའི,བྱང་ཆུབ་སེམས་དཔའ
བྱང་མཐའི,བྱང་མཐའ
བྱང་བའི,བྱང་བ
བྱང་བར,བྱང་བ
བྱང་བས,བྱང་བ
བྱང་མའི,བྱང་མ
བྱང་སེམས་པས,བྱང་སེམས་པ
བྱད་ཁར,བྱད་ཁ
བྱམས་པའི,བྱམས་པ
བྱམས་པས,བྱམས་པ
བྱས་མཐར,བྱས་མཐའ
བྱས་ནས,བྱས་ན
བྱས་པའི,བྱས་པ
བྱས་པར,བྱས་པ
བྱས་པས,བྱས་པ
བྱས་བའི,བྱས་བ
བྱས་མེད་པར,བྱས་མེད་པ
བྱི་བའི,བྱི་བ
བྱི་ལས,བྱི་ལ
བྱིན་གྱིས་བརླབས་པའི,བྱིན་གྱིས་བརླབས་པ
བྱིན་གྱིས་བརླབས་པར,བྱིན་གྱིས་བརླབས་པ
བྱིན་པའི,བྱིན་པ
བྱིན་པར,བྱིན་པ
བྱིས་པའི,བྱིས་པ
བྱིས་པར,བྱིས་པ
བྱིས་པས,བྱིས་པ
བྱུག་པའི,བྱུག་པ
བྱུགས་པའི,བྱུགས་པ
བྱུང་པའི,བྱུང་པ
བྱུང་པར,བྱུང་པ
བྱུང་པས,བྱུང་པ
བྱུང་བའི,བྱུང་བ
བྱུང་བར,བྱུང་བ
བྱུང་བས,བྱུང་བ
བྱེ་བའི,བྱེ་བ
བྱེ་བས,བྱེ་བ
བྱེ་བྲག་པའི,བྱེ་བྲག་པ
བྱེ་བྲག་པར,བྱེ་བྲག་པ
བྱེ་བྲག་པས,བྱེ་བྲག་པ
བྱེ་མའི,བྱེ་མ
བྱེ་མར,བྱེ་མ
བྱེ་མས,བྱེ་མ
བྱེད་ཀྱིན་པའི,བྱེད་ཀྱིན་པ
བྱེད་གས,བྱེད་ག
བྱེད་སྒྲའི,བྱེད་སྒྲ
བྱེད་ཐུབ་པར,བྱེད་ཐུབ་པ
བྱེད་པའི,བྱེད་པ
བྱེད་པར,བྱེད་པ
བྱེད་པས,བྱེད་པ
བྱེད་བའི,བྱེད་བ
བྱེད་སའི,བྱེད་ས
བྱེད་སར,བྱེད་ས
བྱོན་པའི,བྱོན་པ
བྱོན་པས,བྱོན་པ
བྲ་མའི,བྲ་མ
བྲག་དཀར་སྡེ་བས,བྲག་དཀར་སྡེ་བ
བྲག་ལས,བྲག་ལ
བྲང་ཁའི,བྲང་ཁ
བྲང་ཁར,བྲང་ཁ
བྲན་པའི,བྲན་པ
བྲལ་ཐབས་མེད་པའི,བྲལ་ཐབས་མེད་པ
བྲལ་ཐབས་མེད་པས,བྲལ་ཐབས་མེད་པ
བྲལ་བའི,བྲལ་བ
བྲལ་བར,བྲལ་བ
བྲལ་བས,བྲལ་བ
བྲི་བས,བྲི་བ
བྲིན་པའི,བྲིན་པ
བྲིན་པར,བྲིན་པ
བྲིས་པའི,བྲིས་པ
བྲིས་པར,བྲིས་པ
བྲིས་པས,བྲིས་པ
བྲིས་བའི,བྲིས་བ
བྲིས་མའི,བྲིས་མ
བྲེག་པར,བྲེག་པ
བྲེགས་པའི,བྲེགས་པ
བྲེལ་བའི,བྲེལ་བ
བྲེས་པའི,བྲེས་པ
བྲོ་བའི,བྲོ་བ
བྲོ་བས,བྲོ་བ
བྲོས་པའི,བྲོས་པ
བླ་ན་མེད་པའི,བླ་ན་མེད་པ
བླ་བྲང་དགོན་པའི,བླ་བྲང་དགོན་པ
བླ་མའི,བླ་མ
བླ་མར,བླ་མ
བླ་མས,བླ་མ
བླང་བའི,བླང་བ
བླང་བར,བླང་བ
བླང་བྱར,བླང་བྱ
བླངས་ནས,བླངས་ན
བླངས་པའི,བླངས་པ
བླངས་པར,བླངས་པ
བླངས་པས,བླངས་པ
བླངས་བའི,བླངས་བ
བླུག་གར,བླུག་ག
བླུག་གས,བླུག་ག
བླུག་ནས,བླུག་ན
བླུག་པའི,བླུག་པ
བླུག་པས,བླུག་པ
བླུགས་པའི,བླུགས་པ
བླུགས་པར,བླུགས་པ
བླུགས་པས,བླུགས་པ
བླུན་པར,བླུན་པ
བླུས་པའི,བླུས་པ
བློ་བདེ་བའི,བློ་བདེ་བ
བློ་བཟང་གྲགས་པའི,བློ་བཟང་གྲགས་པ
བློ་བཟང་གྲགས་པས,བློ་བཟང་གྲགས་པ
བློ་བཟང་སྦྱིན་པའི,བློ་བཟང་སྦྱིན་པ
བྷ་དྲའི,བྷ་དྲ
བྷང་ག་ལའི,བྷང་ག་ལ
དབང་ཆའི,དབང་ཆ
དབང་ཆར,དབང་ཆ
དབང་ཆས,དབང་ཆ
དབང་བའི,དབང་བ
དབང་བར,དབང་བ
དབང་བས,དབང་བ
དབང་རྩའི,དབང་རྩ
དབང་འཛིན་པའི,དབང་འཛིན་པ
དབང་འཛིན་པས,དབང་འཛིན་པ
དབབ་པའི,དབབ་པ
དབལ་ཚ་བའི,དབལ་ཚ་བ
དབུ་བརྙེས་པའི,དབུ་བརྙེས་པ
དབུ་བརྙེས་པར,དབུ་བརྙེས་པ
དབུ་བླར,དབུ་བླ
དབུ་མ་འཇུག་པའི,དབུ་མ་འཇུག་པ
དབུ་མ་པས,དབུ་མ་པ
དབུ་མ་བའི,དབུ་མ་བ
དབུ་མའི,དབུ་མ
དབུར་བར,དབུར་བ
དབུལ་བའི,དབུལ་བ
དབུལ་བར,དབུལ་བ
དབུལ་བས,དབུལ་བ
དབུས་པའི,དབུས་པ
དབུས་མའི,དབུས་མ
དབུས་གཙང་པས,དབུས་གཙང་པ
དབུས་གཙང་བའི,དབུས་གཙང་བ
དབེན་པའི,དབེན་པ
དབེན་པར,དབེན་པ
དབེན་པས,དབེན་པ
དབྱངས་ཅན་མའི,དབྱངས་ཅན་མ
དབྱངས་རྟའི,དབྱངས་རྟ
དབྱངས་རྟར,དབྱངས་རྟ
དབྱར་ཁའི,དབྱར་ཁ
དབྱར་ཁར,དབྱར་ཁ
དབྱར་རྔའི,དབྱར་རྔ
དབྱར་རྩྭའི,དབྱར་རྩྭ
དབྱིན་རྒྱའི,དབྱིན་རྒྱ
དབྱུག་པའི,དབྱུག་པ
དབྱུག་པས,དབྱུག་པ
དབྱུང་བར,དབྱུང་བ
དབྱེ་བའི,དབྱེ་བ
དབྱེ་བར,དབྱེ་བ
དབྱེ་བས,དབྱེ་བ
འབད་པར,འབད་པ
འབད་པས,འབད་པ
འབབ་པའི,འབབ་པ
འབབ་པར,འབབ་པ
འབབ་པས,འབབ་པ
འབབ་སའི,འབབ་ས
འབབ་སར,འབབ་ས
འབར་བའི,འབར་བ
འབར་བར,འབར་བ
འབར་མའི,འབར་མ
འབུ་ཕྲའི,འབུ་ཕྲ
འབུངས་པའི,འབུངས་པ
འབུམ་རམས་པའི,འབུམ་རམས་པ
འབུམ་རམས་པར,འབུམ་རམས་པ
འབུམ་རའི,འབུམ་ར
འབུར་བའི,འབུར་བ
འབུལ་བའི,འབུལ་བ
འབུལ་བར,འབུལ་བ
འབུལ་བས,འབུལ་བ
འབུས་པའི,འབུས་པ
འབུས་པས,འབུས་པ
འབེན་སར,འབེན་ས
འབེབས་པའི,འབེབས་པ
འབེལ་བའི,འབེལ་བ
འབོད་པའི,འབོད་པ
འབོད་པར,འབོད་པ
འབོད་པས,འབོད་པ
འབོར་བས,འབོར་བ
འབྱམས་པའི,འབྱམས་པ
འབྱར་བའི,འབྱར་བ
འབྱིན་པའི,འབྱིན་པ
འབྱིན་པར,འབྱིན་པ
འབྱུང་བ་ལྔའི,འབྱུང་བ་ལྔ
འབྱུང་བའི,འབྱུང་བ
འབྱུང་བར,འབྱུང་བ
འབྱུང་བས,འབྱུང་བ
འབྱུང་རྩའི,འབྱུང་རྩ
འབྱེད་པའི,འབྱེད་པ
འབྱེད་པར,འབྱེད་པ
འབྱོན་པའི,འབྱོན་པ
འབྱོན་པར,འབྱོན་པ
འབྱོར་པའི,འབྱོར་པ
འབྱོར་པས,འབྱོར་པ
འབྱོར་བའི,འབྱོར་བ
འབྱོར་བར,འབྱོར་བ
འབྱོར་བས,འབྱོར་བ
འབྲང་བའི,འབྲང་བ
འབྲངས་པའི,འབྲངས་པ
འབྲངས་པར,འབྲངས་པ
འབྲལ་བར,འབྲལ་བ
འབྲས་བུ་སྨིན་པར,འབྲས་བུ་སྨིན་པ
འབྲི་གས,འབྲི་ག
འབྲི་གུང་བས,འབྲི་གུང་བ
འབྲི་བའི,འབྲི་བ
འབྲི་བར,འབྲི་བ
འབྲིང་བའི,འབྲིང་བ
འབྲིང་བས,འབྲིང་བ
འབྲུ་སྣའི,འབྲུ་སྣ
འབྲུག་སྒྲའི,འབྲུག་སྒྲ
འབྲུག་པའི,འབྲུག་པ
འབྲུག་པར,འབྲུག་པ
འབྲུག་པས,འབྲུག་པ
འབྲེལ་སྒྲའི,འབྲེལ་སྒྲ
འབྲེལ་ནས,འབྲེལ་ན
འབྲེལ་པའི,འབྲེལ་པ
འབྲེལ་བའི,འབྲེལ་བ
འབྲེལ་བར,འབྲེལ་བ
འབྲེལ་བས,འབྲེལ་བ
འབྲོ་བའི,འབྲོ་བ
འབྲོག་པའི,འབྲོག་པ
འབྲོག་པས,འབྲོག་པ
འབྲོག་སར,འབྲོག་ས
རྦ་མདའ་དགོན་པའི,རྦ་མདའ་དགོན་པ
སྦ་བའི,སྦ་བ
སྦང་མའི,སྦང་མ
སྦང་མས,སྦང་མ
སྦངས་པར,སྦངས་པ
སྦར་བའི,སྦར་བ
སྦལ་བའི,སྦལ་བ
སྦས་པའི,སྦས་པ
སྦས་བའི,སྦས་བ
སྦི་ཏས,སྦི་ཏ
སྦུབ་ཆའི,སྦུབ་ཆ
སྦེད་པའི,སྦེད་པ
སྦོམ་པའི,སྦོམ་པ
སྦོམ་པས,སྦོམ་པ
སྦོམ་ཕྲར,སྦོམ་ཕྲ
སྦྱང་ནས,སྦྱང་ན
སྦྱང་པར,སྦྱང་པ
སྦྱང་པས,སྦྱང་པ
སྦྱང་བའི,སྦྱང་བ
སྦྱང་བྱའི,སྦྱང་བྱ
སྦྱང་བྱས,སྦྱང་བྱ
སྦྱངས་པའི,སྦྱངས་པ
སྦྱངས་པར,སྦྱངས་པ
སྦྱངས་པས,སྦྱངས་པ
སྦྱར་ཁར,སྦྱར་ཁ
སྦྱར་པའི,སྦྱར་པ
སྦྱར་བའི,སྦྱར་བ
སྦྱར་བར,སྦྱར་བ
སྦྱར་བས,སྦྱར་བ
སྦྱར་བྱས,སྦྱར་བྱ
སྦྱིག་པའི,སྦྱིག་པ
སྦྱིན་པའི,སྦྱིན་པ
སྦྱིན་པར,སྦྱིན་པ
སྦྱིན་པས,སྦྱིན་པ
སྦྱོང་བའི,སྦྱོང་བ
སྦྱོང་བར,སྦྱོང་བ
སྦྱོར་བའི,སྦྱོར་བ
སྦྱོར་བར,སྦྱོར་བ
སྦྱོར་བས,སྦྱོར་བ
སྦྲགས་པའི,སྦྲགས་པ
སྦྲགས་མར,སྦྲགས་མ
སྦྲུམ་པའི,སྦྲུམ་པ
སྦྲུམ་མའི,སྦྲུམ་མ
སྦྲུམ་མར,སྦྲུམ་མ
སྦྲུམ་མས,སྦྲུམ་མ
སྦྲུས་པའི,སྦྲུས་པ
སྦྲེལ་དྲའི,སྦྲེལ་དྲ
སྦྲེལ་བའི,སྦྲེལ་བ
སྦྲེལ་བར,སྦྲེལ་བ
སྦྲེལ་མའི,སྦྲེལ་མ
མ་བཀོད་པར,མ་བཀོད་པ
མ་ཁུག་པའི,མ་ཁུག་པ
མ་ཁེངས་པས,མ་ཁེངས་པ
མ་ཁྱབ་པའི,མ་ཁྱབ་པ
མ་མཁྱེན་པར,མ་མཁྱེན་པ
མ་འཁུར་བའི,མ་འཁུར་བ
མ་འཁྱེར་བའི,མ་འཁྱེར་བ
མ་འཁྱེར་བར,མ་འཁྱེར་བ
མ་འཁྱེར་བས,མ་འཁྱེར་བ
མ་འཁྱོལ་བའི,མ་འཁྱོལ་བ
མ་འཁྱོལ་བར,མ་འཁྱོལ་བ
མ་འཁྲུལ་བས,མ་འཁྲུལ་བ
མ་གར,མ་ག
མ་གོ་བའི,མ་གོ་བ
མ་གོ་བར,མ་གོ་བ
མ་གོས་པའི,མ་གོས་པ
མ་གོས་པར,མ་གོས་པ
མ་གྱུར་པའི,མ་གྱུར་པ
མ་གྲགས་པའི,མ་གྲགས་པ
མ་གྲུབ་པར,མ་གྲུབ་པ
མ་གྲུབ་པས,མ་གྲུབ་པ
མ་དགའ་བའི,མ་དགའ་བ
མ་དགའ་བས,མ་དགའ་བ
མ་དགར,མ་དག
མ་དགར,མ་དགའ
མ་དགོས་པར,མ་དགོས་པ
མ་དགོས་པས,མ་དགོས་པ
མ་འགོར་བའི,མ་འགོར་བ
མ་འགོར་བར,མ་འགོར་བ
མ་འགྱུར་བའི,མ་འགྱུར་བ
མ་འགྱུར་བར,མ་འགྱུར་བ
མ་འགྲིག་པའི,མ་འགྲིག་པ
མ་བརྒྱབ་ནས,མ་བརྒྱབ་ན
མ་བརྒྱབ་པའི,མ་བརྒྱབ་པ
མ་ངེས་པའི,མ་ངེས་པ
མ་ངེས་པས,མ་ངེས་པ
མ་བཅུག་པར,མ་བཅུག་པ
མ་བཅུག་པས,མ་བཅུག་པ
མ་བཅོས་པར,མ་བཅོས་པ
མ་ཆག་པར,མ་ཆག་པ
མ་ཆགས་པའི,མ་ཆགས་པ
མ་ཆགས་པར,མ་ཆགས་པ
མ་ཆད་པའི,མ་ཆད་པ
མ་ཆད་པར,མ་ཆད་པ
མ་ཆུད་པའི,མ་ཆུད་པ
མ་ཆོག་པས,མ་ཆོག་པ
མ་ཆོད་པར,མ་ཆོད་པ
མ་མཆིས་པའི,མ་མཆིས་པ
མ་མཆིས་པར,མ་མཆིས་པ
མ་མཆིས་པས,མ་མཆིས་པ
མ་འཆམ་པས,མ་འཆམ་པ
མ་བརྗེད་པར,མ་བརྗེད་པ
མ་ཉན་པའི,མ་ཉན་པ
མ་ཉན་པར,མ་ཉན་པ
མ་ཉན་པས,མ་ཉན་པ
མ་ཉམས་པའི,མ་ཉམས་པ
མ་ཉམས་པར,མ་ཉམས་པ
མ་ཉལ་བར,མ་ཉལ་བ
མ་ཉེས་པའི,མ་ཉེས་པ
མ་མཉེས་པའི,མ་མཉེས་པ
མ་མཉེས་པར,མ་མཉེས་པ
མ་རྙེད་པའི,མ་རྙེད་པ
མ་རྙེད་པར,མ་རྙེད་པ
མ་རྙེད་པས,མ་རྙེད་པ
མ་གཏོགས་པའི,མ་གཏོགས་པ
མ་བཏགས་པའི,མ་བཏགས་པ
མ་བཏང་བའི,མ་བཏང་བ
མ་བཏང་བར,མ་བཏང་བ
མ་བཏང་བས,མ་བཏང་བ
མ་རྟོགས་པའི,མ་རྟོགས་པ
མ་རྟོགས་པར,མ་རྟོགས་པ
མ་རྟོགས་པས,མ་རྟོགས་པ
མ་ལྟོས་པའི,མ་ལྟོས་པ
མ་ལྟོས་པར,མ་ལྟོས་པ
མ་བརྟེན་པར,མ་བརྟེན་པ
མ་བལྟས,མ་བལྟ
མ་བལྟོས་པར,མ་བལྟོས་པ
མ་བསྟུན་པར,མ་བསྟུན་པ
མ་ཐག་པའི,མ་ཐག་པ
མ་ཐག་པར,མ་ཐག་པ
མ་ཐུག་པའི,མ་ཐུག་པ
མ་ཐུག་པར,མ་ཐུག་པ
མ་ཐུག་པས,མ་ཐུག་པ
མ་ཐུབ་ནས,མ་ཐུབ་ན
མ་ཐུབ་པའི,མ་ཐུབ་པ
མ་ཐུབ་པར,མ་ཐུབ་པ
མ་ཐུབ་པས,མ་ཐུབ་པ
མ་ཐེབས་པའི,མ་ཐེབས་པ
མ་ཐེབས་པར,མ་ཐེབས་པ
མ་ཐོགས་པར,མ་ཐོགས་པ
མ་ཐོན་པའི,མ་ཐོན་པ
མ་ཐོབ་པའི,མ་ཐོབ་པ
མ་ཐོབ་པར,མ་ཐོབ་པ
མ་ཐོབ་པས,མ་ཐོབ་པ
མ་མཐའི,མ་མཐའ
མ་མཐར,མ་མཐའ
མ་མཐུན་པའི,མ་མཐུན་པ
མ་མཐུན་པར,མ་མཐུན་པ
མ་མཐོང་བའི,མ་མཐོང་བ
མ་མཐོང་བར,མ་མཐོང་བ
མ་མཐོང་བས,མ་མཐོང་བ
མ་དག་པའི,མ་དག་པ
མ་དར་བའི,མ་དར་བ
མ་དོར་བའི,མ་དོར་བ
མ་བདེ་བའི,མ་བདེ་བ
མ་བདེ་བར,མ་བདེ་བ
མ་འདང་བའི,མ་འདང་བ
མ་འདས་པའི,མ་འདས་པ
མ་འདས་པར,མ་འདས་པ
མ་འདས་པས,མ་འདས་པ
མ་འདུས་པའི,མ་འདུས་པ
མ་འདོད་པར,མ་འདོད་པ
མ་འདྲ་བའི,མ་འདྲ་བ
མ་འདྲ་བར,མ་འདྲ་བ
མ་འདྲེས་པའི,མ་འདྲེས་པ
མ་འདྲེས་པར,མ་འདྲེས་པ
མ་འདྲེས་པས,མ་འདྲེས་པ
མ་བསྡད་པར,མ་བསྡད་པ
མ་ནུས་པའི,མ་ནུས་པ
མ་ནུས་པས,མ་ནུས་པ
མ་ནོར་བར,མ་ནོར་བ
མ་གནང་བར,མ་གནང་བ
མ་སྣང་བས,མ་སྣང་བ
མ་སྤྲད་པར,མ་སྤྲད་པ
མ་ཕྱིན་པའི,མ་ཕྱིན་པ
མ་ཕྱིན་པར,མ་ཕྱིན་པ
མ་འཕྲད་པར,མ་འཕྲད་པ
མ་འཕྲོད་པར,མ་འཕྲོད་པ
མ་འཕྲོད་པས,མ་འཕྲོད་པ
མ་བབས་པའི,མ་བབས་པ
མ་བབས་པས,མ་བབས་པ
མ་བོར་བར,མ་བོར་བ
མ་བྱས་པའི,མ་བྱས་པ
མ་བྱས་པར,མ་བྱས་པ
མ་བྱས་པས,མ་བྱས་པ
མ་བྱུང་བའི,མ་བྱུང་བ
མ་བྱུང་བར,མ་བྱུང་བ
མ་བྱུང་བས,མ་བྱུང་བ
མ་བྱེད་པར,མ་བྱེད་པ
མ་བྲལ་བའི,མ་བྲལ་བ
མ་བྲིས་པའི,མ་བྲིས་པ
མ་བྲིས་པར,མ་བྲིས་པ
མ་བླངས་པར,མ་བླངས་པ
མ་བླངས་པས,མ་བླངས་པ
མ་འབྲེལ་བའི,མ་འབྲེལ་བ
མ་སྦྱར་བའི,མ་སྦྱར་བ
མ་སྦྱར་བར,མ་སྦྱར་བ
མ་མྱོང་པའི,མ་མྱོང་པ
མ་མྱོང་བའི,མ་མྱོང་བ
མ་མྱོང་བས,མ་མྱོང་བ
མ་རྨོས་པའི,མ་རྨོས་པ
མ་སྨིན་པའི,མ་སྨིན་པ
མ་རྩའི,མ་རྩ
མ་ཚང་བའི,མ་ཚང་བ
མ་ཚར་བའི,མ་ཚར་བ
མ་ཚར་བར,མ་ཚར་བ
མ་ཚུགས་པའི,མ་ཚུགས་པ
མ་ཚུད་པའི,མ་ཚུད་པ
མ་ཚོར་པར,མ་ཚོར་པ
མ་ཚོར་བར,མ་ཚོར་བ
མ་འཚམས་པའི,མ་འཚམས་པ
མ་འཛེམ་པར,མ་འཛེམ་པ
མ་འཛེམས་པར,མ་འཛེམས་པ
མ་རྫོགས་པའི,མ་རྫོགས་པ
མ་རྫོགས་པར,མ་རྫོགས་པ
མ་ཞུ་བའི,མ་ཞུ་བ
མ་ཞུ་བར,མ་ཞུ་བ
མ་ཞུགས་པའི,མ་ཞུགས་པ
མ་ཞུགས་པར,མ་ཞུགས་པ
མ་བཞག་པའི,མ་བཞག་པ
མ་བཞག་པར,མ་བཞག་པ
མ་བཞེས་པར,མ་བཞེས་པ
མ་ཟད་པའི,མ་ཟད་པ
མ་ཟས,མ་ཟ
མ་ཟོས་པས,མ་ཟོས་པ
མ་བཟོད་པར,མ་བཟོད་པ
མ་འོངས་པའི,མ་འོངས་པ
མ་འོངས་པར,མ་འོངས་པ
མ་འོངས་བའི,མ་འོངས་བ
མ་ཡལ་བའི,མ་ཡལ་བ
མ་ཡལ་བར,མ་ཡལ་བ
མ་ཡིན་པའི,མ་ཡིན་པ
མ་ཡིན་པར,མ་ཡིན་པ
མ་ཡིན་པས,མ་ཡིན་པ
མ་ཡོང་བར,མ་ཡོང་བ
མ་རག་པའི,མ་རག་པ
མ་རངས་པའི,མ་རངས་པ
མ་རངས་པར,མ་རངས་པ
མ་རན་པའི,མ་རན་པ
མ་རིག་པའི,མ་རིག་པ
མ་རུང་བའི,མ་རུང་བ
མ་རུང་བས,མ་རུང་བ
མ་རེག་པའི,མ་རེག་པ
མ་རེད་པས,མ་རེད་པ
མ་རེད་བས,མ་རེད་བ
མ་ལས,མ་ལ
མ་ལུས་པའི,མ་ལུས་པ
མ་ལུས་པར,མ་ལུས་པ
མ་ལུས་པས,མ་ལུས་པ
མ་ལེགས་པར,མ་ལེགས་པ
མ་ལོག་པར,མ་ལོག་པ
མ་ལོན་པའི,མ་ལོན་པ
མ་ལོན་པར,མ་ལོན་པ
མ་ཤར་བར,མ་ཤར་བ
མ་ཤར་བས,མ་ཤར་བ
མ་ཤེས་པའི,མ་ཤེས་པ
མ་ཤེས་པར,མ་ཤེས་པ
མ་ཤེས་པས,མ་ཤེས་པ
མ་ཤོར་བར,མ་ཤོར་བ
མ་སད་པའི,མ་སད་པ
མ་སོང་ངས,མ་སོང་ང
མ་སོང་ནས,མ་སོང་ན
མ་སོང་བའི,མ་སོང་བ
མ་སོང་བར,མ་སོང་བ
མ་སོང་བས,མ་སོང་བ
མ་གསང་བར,མ་གསང་བ
མ་གསུངས་པར,མ་གསུངས་པ
མ་གསུངས་པས,མ་གསུངས་པ
མ་བསམ་པར,མ་བསམ་པ
མ་བསླད་པའི,མ་བསླད་པ
མ་བསླད་པར,མ་བསླད་པ
མག་པར,མག་པ
མང་ཆེ་བའི,མང་ཆེ་བ
མང་ཆེ་བར,མང་ཆེ་བ
མང་ཆེ་བས,མང་ཆེ་བ
མང་པའི,མང་པ
མང་པས,མང་པ
མང་བའི,མང་བ
མང་བར,མང་བ
མང་བས,མང་བ
མང་རའི,མང་ར
མར་གདར,མར་གད
མར་ནས,མར་ན
མར་པས,མར་པ
མི་སྐྱའི,མི་སྐྱ
མི་སྐྱིད་པའི,མི་སྐྱིད་པ
མི་སྐྱེ་བའི,མི་སྐྱེ་བ
མི་སྐྱེ་བས,མི་སྐྱེ་བ
མི་སྐྱེལ་བའི,མི་སྐྱེལ་བ
མི་ཁུག་པའི,མི་ཁུག་པ
མི་ཁོམ་པའི,མི་ཁོམ་པ
མི་ཁྱབ་པའི,མི་ཁྱབ་པ
མི་མཁས་པའི,མི་མཁས་པ
མི་མཁོ་བའི,མི་མཁོ་བ
མི་མཁོ་བར,མི་མཁོ་བ
མི་འཁྲུགས་པའི,མི་འཁྲུགས་པ
མི་གོ་བའི,མི་གོ་བ
མི་གོ་བར,མི་གོ་བ
མི་གོ་བས,མི་གོ་བ
མི་དགའ་བའི,མི་དགའ་བ
མི་དགར,མི་དག
མི་དགར,མི་དགའ
མི་དགེ་བའི,མི་དགེ་བ
མི་དགོས་པའི,མི་དགོས་པ
མི་དགོས་པར,མི་དགོས་པ
མི་དགོས་པས,མི་དགོས་པ
མི་དགོས་བའི,མི་དགོས་བ
མི་དགྱེས་པའི,མི་དགྱེས་པ
མི་འགལ་བའི,མི་འགལ་བ
མི་འགལ་བར,མི་འགལ་བ
མི་འགུལ་བའི,མི་འགུལ་བ
མི་འགྱངས་པར,མི་འགྱངས་པ
མི་འགྱངས་བར,མི་འགྱངས་བ
མི་འགྱུར་བའི,མི་འགྱུར་བ
མི་འགྱུར་བར,མི་འགྱུར་བ
མི་འགྱུར་བས,མི་འགྱུར་བ
མི་འགྲིག་སར,མི་འགྲིག་ས
མི་འགྲུབ་པའི,མི་འགྲུབ་པ
མི་འགྲོ་བའི,མི་འགྲོ་བ
མི་འགྲོ་བར,མི་འགྲོ་བ
མི་བསྒྱུར་བར,མི་བསྒྱུར་བ
མི་བསྒྲུབ་པའི,མི་བསྒྲུབ་པ
མི་བསྒྲུབ་པར,མི་བསྒྲུབ་པ
མི་ངན་པས,མི་ངན་པ
མི་མངོན་པའི,མི་མངོན་པ
མི་མངོན་པར,མི་མངོན་པ
མི་གཅིག་པའི,མི་གཅིག་པ
མི་གཅིག་པར,མི་གཅིག་པ
མི་གཅོད་པའི,མི་གཅོད་པ
མི་གཅོད་པར,མི་གཅོད་པ
མི་ཆག་པའི,མི་ཆག་པ
མི་ཆད་པའི,མི་ཆད་པ
མི་ཆད་པར,མི་ཆད་པ
མི་ཆད་པས,མི་ཆད་པ
མི་ཆུང་བར,མི་ཆུང་བ
མི་ཆེ་བའི,མི་ཆེ་བ
མི་ཆོག་པའི,མི་ཆོག་པ
མི་ཆོག་པར,མི་ཆོག་པ
མི་ཆོད་པར,མི་ཆོད་པ
མི་ཆོས་རིག་པའི,མི་ཆོས་རིག་པ
མི་འཆད་པར,མི་འཆད་པ
མི་འཇིགས་པའི,མི་འཇིགས་པ
མི་འཇིགས་པར,མི་འཇིགས་པ
མི་འཇུག་པའི,མི་འཇུག་པ
མི་འཇུག་པར,མི་འཇུག་པ
མི་འཇུག་པས,མི་འཇུག་པ
མི་འཇོག་པའི,མི་འཇོག་པ
མི་འཇོག་པར,མི་འཇོག་པ
མི་འཇོག་པས,མི་འཇོག་པ
མི་བརྗེད་པའི,མི་བརྗེད་པ
མི་བརྗེད་པས,མི་བརྗེད་པ
མི་ཉན་པའི,མི་ཉན་པ
མི་ཉན་པར,མི་ཉན་པ
མི་ཉམས་པར,མི་ཉམས་པ
མི་ཉུང་བའི,མི་ཉུང་བ
མི་མཉམ་པའི,མི་མཉམ་པ
མི་རྙེད་པའི,མི་རྙེད་པ
མི་རྙེད་པས,མི་རྙེད་པ
མི་སྙོམས་པར,མི་སྙོམས་པ
མི་གཏོང་བར,མི་གཏོང་བ
མི་གཏོང་བས,མི་གཏོང་བ
མི་བཏང་བའི,མི་བཏང་བ
མི་བཏུབ་པའི,མི་བཏུབ་པ
མི་རྟག་པའི,མི་རྟག་པ
མི་ལྟ་བར,མི་ལྟ་བ
མི་སྟེར་བར,མི་སྟེར་བ
མི་སྟེར་བས,མི་སྟེར་བ
མི་སྟོན་པའི,མི་སྟོན་པ
མི་སྟོན་པར,མི་སྟོན་པ
མི་བརྟེན་པར,མི་བརྟེན་པ
མི་བལྟ་བའི,མི་བལྟ་བ
མི་ཐུབ་པའི,མི་ཐུབ་པ
མི་ཐུབ་པར,མི་ཐུབ་པ
མི་ཐུབ་པས,མི་ཐུབ་པ
མི་ཐེག་པའི,མི་ཐེག་པ
མི་ཐེབས་པའི,མི་ཐེབས་པ
མི་ཐོགས་པའི,མི་ཐོགས་པ
མི་ཐོགས་པར,མི་ཐོགས་པ
མི་ཐོབ་པའི,མི་ཐོབ་པ
མི་མཐུན་པའི,མི་མཐུན་པ
མི་མཐུན་པར,མི་མཐུན་པ
མི་མཐུན་པས,མི་མཐུན་པ
མི་མཐོང་བའི,མི་མཐོང་བ
མི་མཐོང་བར,མི་མཐོང་བ
མི་མཐོང་བས,མི་མཐོང་བ
མི་འཐད་པའི,མི་འཐད་པ
མི་འཐད་པར,མི་འཐད་པ
མི་འཐད་པས,མི་འཐད་པ
མི་དག་པའི,མི་དག་པ
མི་དག་པར,མི་དག་པ
མི་བདེ་བའི,མི་བདེ་བ
མི་བདེ་བར,མི་བདེ་བ
མི་བདེ་བས,མི་བདེ་བ
མི་འདང་བའི,མི་འདང་བ
མི་འདང་བར,མི་འདང་བ
མི་འདང་བས,མི་འདང་བ
མི་འདང་སར,མི་འདང་ས
མི་འདས,མི་འདའ
མི་འདུག་གས,མི་འདུག་ག
མི་འདུག་པའི,མི་འདུག་པ
མི་འདུག་པར,མི་འདུག་པ
མི་འདུག་པས,མི་འདུག་པ
མི་འདུག་བས,མི་འདུག་བ
མི་འདེབས་པའི,མི་འདེབས་པ
མི་འདོད་པའི,མི་འདོད་པ
མི་འདོད་པར,མི་འདོད་པ
མི་འདོར་བའི,མི་འདོར་བ
མི་འདྲ་བའི,མི་འདྲ་བ
མི་འདྲ་བར,མི་འདྲ་བ
མི་འདྲ་བས,མི་འདྲ་བ
མི་ལྡན་པའི,མི་ལྡན་པ
མི་ལྡན་པར,མི་ལྡན་པ
མི་ལྡན་པས,མི་ལྡན་པ
མི་ལྡོག་པའི,མི་ལྡོག་པ
མི་སྡོད་པར,མི་སྡོད་པ
མི་སྡོད་པས,མི་སྡོད་པ
མི་ནུས་པའི,མི་ནུས་པ
མི་ནུས་པར,མི་ནུས་པ
མི་ནུས་པས,མི་ནུས་པ
མི་གནང་བར,མི་གནང་བ
མི་གནས་པའི,མི་གནས་པ
མི་གནས་པར,མི་གནས་པ
མི་གནོད་པའི,མི་གནོད་པ
མི་གནོད་པར,མི་གནོད་པ
མི་སྣང་བའི,མི་སྣང་བ
མི་སྣང་བར,མི་སྣང་བ
མི་སྣང་བས,མི་སྣང་བ
མི་སྣའི,མི་སྣ
མི་སྣར,མི་སྣ
མི་སྣས,མི་སྣ
མི་སྤོབས་པས,མི་སྤོབས་པ
མི་སྤྲོད་པའི,མི་སྤྲོད་པ
མི་སྤྲོད་པར,མི་སྤྲོད་པ
མི་སྤྲོད་པས,མི་སྤྲོད་པ
མི་ཕན་པའི,མི་ཕན་པ
མི་ཕན་པས,མི་ཕན་པ
མི་ཕམ་པའི,མི་ཕམ་པ
མི་ཕམ་པས,མི་ཕམ་པ
མི་ཕོད་པའི,མི་ཕོད་པ
མི་འཕྲད་པའི,མི་འཕྲད་པ
མི་འཕྲོད་པའི,མི་འཕྲོད་པ
མི་འཕྲོད་པར,མི་འཕྲོད་པ
མི་བྱ་བར,མི་བྱ་བ
མི་བྱ་བས,མི་བྱ་བ
མི་བྱེད་པའི,མི་བྱེད་པ
མི་བྱེད་པར,མི་བྱེད་པ
མི་བྱེད་པས,མི་བྱེད་པ
མི་བྲན་པའི,མི་བྲན་པ
མི་བྲོ་བའི,མི་བྲོ་བ
མི་འབྱུང་བའི,མི་འབྱུང་བ
མི་འབྱུང་བར,མི་འབྱུང་བ
མི་འབྱུང་བས,མི་འབྱུང་བ
མི་སྦྱོང་བའི,མི་སྦྱོང་བ
མི་དམན་པར,མི་དམན་པ
མི་དམར,མི་དམའ
མི་སྨྲ་བའི,མི་སྨྲ་བ
མི་གཙང་བའི,མི་གཙང་བ
མི་གཙང་བས,མི་གཙང་བ
མི་རྩོད་པར,མི་རྩོད་པ
མི་བརྩི་བའི,མི་བརྩི་བ
མི་བརྩི་བར,མི་བརྩི་བ
མི་ཚང་བའི,མི་ཚང་བ
མི་ཚང་མར,མི་ཚང་མ
མི་ཚང་མས,མི་ཚང་མ
མི་ཚར་བའི,མི་ཚར་བ
མི་ཚིམ་པར,མི་ཚིམ་པ
མི་ཚུགས་པའི,མི་ཚུགས་པ
མི་ཚུགས་པས,མི་ཚུགས་པ
མི་མཚུངས་པའི,མི་མཚུངས་པ
མི་འཚམ་པའི,མི་འཚམ་པ
མི་འཚམ་པར,མི་འཚམ་པ
མི་འཚམས་པའི,མི་འཚམས་པ
མི་འཚམས་པས,མི་འཚམས་པ
མི་འཚེ་བར,མི་འཚེ་བ
མི་མཛད་པར,མི་མཛད་པ
མི་མཛད་པས,མི་མཛད་པ
མི་མཛེས་པར,མི་མཛེས་པ
མི་འཛིན་པར,མི་འཛིན་པ
མི་འཛེམས་པར,མི་འཛེམས་པ
མི་ཞུགས་པའི,མི་ཞུགས་པ
མི་ཞུམ་པར,མི་ཞུམ་པ
མི་ཟ་བའི,མི་ཟ་བ
མི་ཟད་པའི,མི་ཟད་པ
མི་ཟབ་པས,མི་ཟབ་པ
མི་ཟས,མི་ཟ
མི་ཟིན་པར,མི་ཟིན་པ
མི་ཟེར་ནས,མི་ཟེར་ན
མི་ཟེར་བར,མི་ཟེར་བ
མི་བཟང་བའི,མི་བཟང་བ
མི་བཟང་བར,མི་བཟང་བ
མི་བཟོ་བར,མི་བཟོ་བ
མི་བཟོད་པའི,མི་བཟོད་པ
མི་འོང་བའི,མི་འོང་བ
མི་འོང་བར,མི་འོང་བ
མི་འོང་བས,མི་འོང་བ
མི་འོས་པའི,མི་འོས་པ
མི་འོས་པར,མི་འོས་པ
མི་ཡིན་པས,མི་ཡིན་པ
མི་ཡོང་བའི,མི་ཡོང་བ
མི་ཡོང་བར,མི་ཡོང་བ
མི་ཡོང་བས,མི་ཡོང་བ
མི་གཡོ་བའི,མི་གཡོ་བ
མི་གཡོ་བར,མི་གཡོ་བ
མི་རིགས་པར,མི་རིགས་པ
མི་རིང་བའི,མི་རིང་བ
མི་རིང་བར,མི་རིང་བ
མི་རུང་བའི,མི་རུང་བ
མི་རུང་བར,མི་རུང་བ
མི་རུང་བས,མི་རུང་བ
མི་ལ་རས་པའི,མི་ལ་རས་པ
མི་ལ་རས་པས,མི་ལ་རས་པ
མི་ལང་བའི,མི་ལང་བ
མི་ལང་བར,མི་ལང་བ
མི་ལའི,མི་ལ
མི་ལས་པར,མི་ལས་པ
མི་ལེགས་པའི,མི་ལེགས་པ
མི་ལེགས་པར,མི་ལེགས་པ
མི་ལེགས་པས,མི་ལེགས་པ
མི་ལེན་པའི,མི་ལེན་པ
མི་ལེན་པར,མི་ལེན་པ
མི་ལོག་པའི,མི་ལོག་པ
མི་ལོངས་པའི,མི་ལོངས་པ
མི་ལོངས་པར,མི་ལོངས་པ
མི་ཤར,མི་ཤ
མི་ཤེས་པའི,མི་ཤེས་པ
མི་ཤེས་པར,མི་ཤེས་པ
མི་ཤེས་པས,མི་ཤེས་པ
མི་ཤོད་པའི,མི་ཤོད་པ
མི་ཤོར་བར,མི་ཤོར་བ
མི་བཤད་པར,མི་བཤད་པ
མི་སྲིད་པའི,མི་སྲིད་པ
མི་སྲིད་པར,མི་སྲིད་པ
མི་སྲིད་པས,མི་སྲིད་པ
མི་སློང་བར,མི་སློང་བ
མི་སློབ་པའི,མི་སློབ་པ
མི་གསལ་བའི,མི་གསལ་བ
མི་གསལ་བར,མི་གསལ་བ
མི་གསལ་བས,མི་གསལ་བ
མི་གསུང་བའི,མི་གསུང་བ
མི་བསླུ་བའི,མི་བསླུ་བ
མི་བསླུ་བར,མི་བསླུ་བ
མིག་སྔའི,མིག་སྔ
མིག་སྔར,མིག་སྔ
མིག་གཉིས་མས,མིག་གཉིས་མ
མིག་ལྟར,མིག་ལྟ
མིག་མཐར,མིག་མཐ
མིག་མཐར,མིག་མཐའ
མིག་དམར,མིག་དམའ
མིང་མཐའི,མིང་མཐའ
མིང་མཐར,མིང་མཐའ
མིང་དུ་གྲགས་པའི,མིང་དུ་གྲགས་པ
མིང་བརྡའི,མིང་བརྡ
མིད་པའི,མིད་པ
མིད་པར,མིད་པ
མིན་ནས,མིན་ན
མིན་པའི,མིན་པ
མིན་པར,མིན་པ
མིན་པས,མིན་པ
མུ་ཁར,མུ་ཁ
མུ་སྟེགས་པའི,མུ་སྟེགས་པ
མུན་པའི,མུན་པ
མུན་པས,མུན་པ
མེ་མདའི,མེ་མད
མེ་མདའི,མེ་མདའ
མེ་བཙའི,མེ་བཙའ
མེ་ལོང་མའི,མེ་ལོང་མ
མེད་པའི,མེད་པ
མེད་པར,མེད་པ
མེད་པས,མེད་པ
མོ་པྲའི,མོ་པྲ
མོ་སྦྲའི,མོ་སྦྲ
མོ་སྦྲར,མོ་སྦྲ
མོ་མས,མོ་མ
མོ་ལས,མོ་ལ
མོད་པའི,མོད་པ
མོད་པར,མོད་པ
མོན་པའི,མོན་པ
མོས་པའི,མོས་པ
མོས་པར,མོས་པ
མྱ་ངན་ཞུ་བའི,མྱ་ངན་ཞུ་བ
མྱ་ངན་ཞུ་བར,མྱ་ངན་ཞུ་བ
མྱང་བའི,མྱང་བ
མྱངས་པའི,མྱངས་པ
མྱུར་བའི,མྱུར་བ
མྱུར་བར,མྱུར་བ
མྱུར་བས,མྱུར་བ
མྱུལ་བའི,མྱུལ་བ
མྱོང་པའི,མྱོང་པ
མྱོང་པར,མྱོང་པ
མྱོང་པས,མྱོང་པ
མྱོང་བའི,མྱོང་བ
མྱོང་བར,མྱོང་བ
མྱོང་བས,མྱོང་བ
དམག་ཆེན་གཉིས་པའི,དམག་ཆེན་གཉིས་པ
དམན་པའི,དམན་པ
དམན་པར,དམན་པ
དམན་པས,དམན་པ
དམའ་བའི,དམའ་བ
དམའ་བར,དམའ་བ
དམའ་འབྲིང་རིམ་པའི,དམའ་འབྲིང་རིམ་པ
དམའ་སའི,དམའ་ས
དམར་ཕྱོགས་པས,དམར་ཕྱོགས་པ
དམར་བའི,དམར་བ
དམར་བས,དམར་བ
དམིགས་པའི,དམིགས་པ
དམིགས་སའི,དམིགས་ས
དམིགས་སར,དམིགས་ས
དམྱལ་བའི,དམྱལ་བ
དམྱལ་བར,དམྱལ་བ
རྨ་ཁར,རྨ་ཁ
རྨ་བྱའི,རྨ་བྱ
རྨད་དུ་བྱུང་བའི,རྨད་དུ་བྱུང་བ
རྨད་དུ་བྱུང་བས,རྨད་དུ་བྱུང་བ
རྨས་མར,རྨས་མ
རྨིག་པས,རྨིག་པ
རྨེ་བའི,རྨེ་བ
རྨོངས་པའི,རྨོངས་པ
རྨོངས་པར,རྨོངས་པ
རྨོངས་པས,རྨོངས་པ
རྨོས་པའི,རྨོས་པ
སྨད་རྒྱུད་པའི,སྨད་རྒྱུད་པ
སྨད་པར,སྨད་པ
སྨད་པས,སྨད་པ
སྨན་སྣའི,སྨན་སྣ
སྨན་པའི,སྨན་པ
སྨན་པར,སྨན་པ
སྨན་པས,སྨན་པ
སྨན་བླའི,སྨན་བླ
སྨན་ལྷའི,སྨན་ལྷ
སྨིན་པའི,སྨིན་པ
སྨིན་པར,སྨིན་པ
སྨིན་པས,སྨིན་པ
སྨིན་མའི,སྨིན་མ
སྨུག་པའི,སྨུག་པ
སྨེ་བའི,སྨེ་བ
སྨོན་པའི,སྨོན་པ
སྨོས་པའི,སྨོས་པ
སྨྱུག་མའི,སྨྱུག་མ
སྨྱུག་འཛིན་པས,སྨྱུག་འཛིན་པ
སྨྱོན་པའི,སྨྱོན་པ
སྨྱོན་པར,སྨྱོན་པ
སྨྲ་བའི,སྨྲ་བ
སྨྲ་བར,སྨྲ་བ
སྨྲ་བས,སྨྲ་བ
སྨྲས་པའི,སྨྲས་པ
སྨྲས་པས,སྨྲས་པ
སྨྲེང་བའི,སྨྲེང་བ
སྨྲེང་བས,སྨྲེང་བ
ཙ་ནས,ཙ་ན
ཙམ་པ་ནས,ཙམ་པ་ན
ཙམ་པར,ཙམ་པ
ཙམ་པོ་བའི,ཙམ་པོ་བ
ཙོང་ཁ་པའི,ཙོང་ཁ་པ
ཙོང་ཁ་པས,ཙོང་ཁ་པ
ཙོང་ཁའི,ཙོང་ཁ
གཙང་ཁར,གཙང་ཁ
གཙང་པས,གཙང་པ
གཙང་སྤྲར,གཙང་སྤྲ
གཙང་བའི,གཙང་བ
གཙང་བར,གཙང་བ
གཙང་བས,གཙང་བ
གཙང་སྦྲའི,གཙང་སྦྲ
གཙང་སྦྲར,གཙང་སྦྲ
གཙང་སྦྲས,གཙང་སྦྲ
གཙང་མའི,གཙང་མ
གཙང་མར,གཙང་མ
གཙང་མས,གཙང་མ
གཙུག་ལག་ཕྲེང་བས,གཙུག་ལག་ཕྲེང་བ
གཙུག་ལག་སློབ་གྲྭའི,གཙུག་ལག་སློབ་གྲྭ
གཙེས་པའི,གཙེས་པ
གཙེས་པས,གཙེས་པ
གཙོ་འཁྲབ་པའི,གཙོ་འཁྲབ་པ
གཙོ་ཆེ་བའི,གཙོ་ཆེ་བ
གཙོ་ཆེ་བས,གཙོ་ཆེ་བ
གཙོ་བའི,གཙོ་བ
གཙོ་བས,གཙོ་བ
གཙོས་པའི,གཙོས་པ
བཙག་པའི,བཙག་པ
བཙགས་པའི,བཙགས་པ
བཙགས་པར,བཙགས་པ
བཙན་པའི,བཙན་པ
བཙན་འཛུལ་བའི,བཙན་འཛུལ་བ
བཙལ་བའི,བཙལ་བ
བཙལ་བར,བཙལ་བ
བཙལ་བས,བཙལ་བ
བཙས་པའི,བཙས་པ
བཙིར་བའི,བཙིར་བ
བཙིར་བས,བཙིར་བ
བཙུགས་པའི,བཙུགས་པ
བཙུགས་པར,བཙུགས་པ
བཙུགས་པས,བཙུགས་པ
བཙུན་པའི,བཙུན་པ
བཙུན་མའི,བཙུན་མ
བཙོ་བའི,བཙོ་བ
བཙོག་པར,བཙོག་པ
བཙོང་བའི,བཙོང་བ
བཙོང་སའི,བཙོང་ས
བཙོང་སར,བཙོང་ས
བཙོན་མའི,བཙོན་མ
བཙོན་རར,བཙོན་ར
བཙོས་པའི,བཙོས་པ
བཙོས་པར,བཙོས་པ
བཙོས་པས,བཙོས་པ
རྩ་ཆེ་བའི,རྩ་ཆེ་བ
རྩ་བའི,རྩ་བ
རྩ་བར,རྩ་བ
རྩ་རས,རྩ་ར
རྩམ་པའི,རྩམ་པ
རྩི་བའི,རྩི་བ
རྩི་མར,རྩི་མ
རྩིག་པའི,རྩིག་པ
རྩིད་པའི,རྩིད་པ
རྩིས་ཀྱི་རིག་པས,རྩིས་ཀྱི་རིག་པ
རྩིས་པའི,རྩིས་པ
རྩིས་པས,རྩིས་པ
རྩིས་རིག་པའི,རྩིས་རིག་པ
རྩུབ་པའི,རྩུབ་པ
རྩེ་གྲས,རྩེ་གྲ
རྩེ་བའི,རྩེ་བ
རྩེ་བཞིན་པའི,རྩེ་བཞིན་པ
རྩེད་དགའི,རྩེད་དགའ
རྩེད་པའི,རྩེད་པ
རྩེད་རའི,རྩེད་ར
རྩེན་པའི,རྩེན་པ
རྩེར་སོན་པའི,རྩེར་སོན་པ
རྩོད་གྲྭའི,རྩོད་གྲྭ
རྩོད་པའི,རྩོད་པ
རྩོད་པར,རྩོད་པ
རྩོད་པས,རྩོད་པ
རྩོམ་སྒྲིག་པའི,རྩོམ་སྒྲིག་པ
རྩོམ་སྒྲིག་པས,རྩོམ་སྒྲིག་པ
རྩོམ་པའི,རྩོམ་པ
རྩོམ་པར,རྩོམ་པ
རྩོམ་བྱའི,རྩོམ་བྱ
རྩོལ་བའི,རྩོལ་བ
རྩོལ་བར,རྩོལ་བ
རྩྭ་སྐྱར,རྩྭ་སྐྱ
རྩྭ་མདའི,རྩྭ་མདའ
རྩྭ་རའི,རྩྭ་ར
རྩྭ་རར,རྩྭ་ར
རྩྭ་རས,རྩྭ་ར
རྩྭ་སའི,རྩྭ་ས
རྩྭ་སར,རྩྭ་ས
སྩལ་བའི,སྩལ་བ
སྩལ་བར,སྩལ་བ
སྩོལ་བའི,སྩོལ་བ
བརྩམ་པའི,བརྩམ་པ
བརྩམས་པའི,བརྩམས་པ
བརྩམས་པར,བརྩམས་པ
བརྩམས་པས,བརྩམས་པ
བརྩམས་བྱའི,བརྩམས་བྱ
བརྩི་བའི,བརྩི་བ
བརྩི་བར,བརྩི་བ
བརྩི་བས,བརྩི་བ
བརྩིགས་པའི,བརྩིགས་པ
བརྩིས་ནས,བརྩིས་ན
བརྩིས་པའི,བརྩིས་པ
བརྩེ་བའི,བརྩེ་བ
བརྩེ་བས,བརྩེ་བ
བརྩེགས་པའི,བརྩེགས་པ
བརྩེགས་པས,བརྩེགས་པ
བརྩེགས་མའི,བརྩེགས་མ
བརྩེགས་མར,བརྩེགས་མ
བརྩོན་པའི,བརྩོན་པ
བརྩོན་པས,བརྩོན་པ
བསྩལ་པའི,བསྩལ་པ
བསྩལ་བའི,བསྩལ་བ
བསྩལ་བར,བསྩལ་བ
བསྩལ་བས,བསྩལ་བ
ཚ་བའི,ཚ་བ
ཚ་ལའི,ཚ་ལ
ཚ་ལི་མའི,ཚ་ལི་མ
ཚག་པར,ཚག་པ
ཚང་བའི,ཚང་བ
ཚང་བར,ཚང་བ
ཚང་བས,ཚང་བ
ཚང་མའི,ཚང་མ
ཚང་མར,ཚང་མ
ཚང་མས,ཚང་མ
ཚངས་པའི,ཚངས་པ
ཚངས་པར,ཚངས་པ
ཚད་མ་རིག་པའི,ཚད་མ་རིག་པ
ཚད་མའི,ཚད་མ
ཚད་མར,ཚད་མ
ཚད་མེད་པའི,ཚད་མེད་པ
ཚད་མེད་པར,ཚད་མེད་པ
ཚན་པའི,ཚན་པ
ཚན་པར,ཚན་པ
ཚན་པས,ཚན་པ
ཚན་རིག་པའི,ཚན་རིག་པ
ཚན་རིག་པས,ཚན་རིག་པ
ཚར་ནས,ཚར་ན
ཚར་པས,ཚར་པ
ཚར་བའི,ཚར་བ
ཚར་བར,ཚར་བ
ཚར་བས,ཚར་བ
ཚལ་པའི,ཚལ་པ
ཚིག་མཐའི,ཚིག་མཐའ
ཚིག་པས,ཚིག་པ
ཚིམ་པའི,ཚིམ་པ
ཚིམ་པར,ཚིམ་པ
ཚིམས་པའི,ཚིམས་པ
ཚིམས་པར,ཚིམས་པ
ཚུགས་པའི,ཚུགས་པ
ཚུགས་པར,ཚུགས་པ
ཚུགས་པས,ཚུགས་པ
ཚུད་པའི,ཚུད་པ
ཚུད་པར,ཚུད་པ
ཚེ་བཀྲས,ཚེ་བཀྲ
ཚེ་རིང་མཆེད་ལྔས,ཚེ་རིང་མཆེད་ལྔ
ཚེ་རིང་བའི,ཚེ་རིང་བ
ཚེ་རིང་བར,ཚེ་རིང་བ
ཚེ་ལོ་བརྒྱ་བའི,ཚེ་ལོ་བརྒྱ་བ
ཚེར་མའི,ཚེར་མ
ཚེར་མས,ཚེར་མ
ཚེས་དགེ་བར,ཚེས་དགེ་བ
ཚེས་པའི,ཚེས་པ
ཚོ་བའི,ཚོ་བ
ཚོ་བར,ཚོ་བ
ཚོ་བས,ཚོ་བ
ཚོགས་ནས,ཚོགས་ན
ཚོགས་པའི,ཚོགས་པ
ཚོགས་པར,ཚོགས་པ
ཚོགས་པས,ཚོགས་པ
ཚོགས་ཞུགས་པའི,ཚོགས་ཞུགས་པ
ཚོགས་རའི,ཚོགས་ར
ཚོགས་རར,ཚོགས་ར
ཚོགས་སར,ཚོགས་ས
ཚོང་གཉེར་བར,ཚོང་གཉེར་བ
ཚོང་གཉེར་བས,ཚོང་གཉེར་བ
ཚོང་པའི,ཚོང་པ
ཚོང་པས,ཚོང་པ
ཚོང་བའི,ཚོང་བ
ཚོང་རའི,ཚོང་ར
ཚོང་རར,ཚོང་ར
ཚོང་ལས་པའི,ཚོང་ལས་པ
ཚོད་ལྟའི,ཚོད་ལྟ
ཚོད་མའི,ཚོད་མ
ཚོད་ཟིན་པར,ཚོད་ཟིན་པ
ཚོན་ཁྲའི,ཚོན་ཁྲ
ཚོར་བའི,ཚོར་བ
ཚོར་བར,ཚོར་བ
ཚོར་བས,ཚོར་བ
ཚོས་པའི,ཚོས་པ
ཚོས་པར,ཚོས་པ
མཚན་ཉིད་རིག་པའི,མཚན་ཉིད་རིག་པ
མཚན་ཉིད་རིག་པས,མཚན་ཉིད་རིག་པ
མཚན་པའི,མཚན་པ
མཚན་མའི,མཚན་མ
མཚན་མར,མཚན་མ
མཚམས་པའི,མཚམས་པ
མཚམས་མེད་ལྔའི,མཚམས་མེད་ལྔ
མཚར་བར,མཚར་བ
མཚར་བས,མཚར་བ
མཚུངས་པའི,མཚུངས་པ
མཚུངས་པར,མཚུངས་པ
མཚུངས་པས,མཚུངས་པ
མཚེར་བའི,མཚེར་བ
མཚོ་ཁའི,མཚོ་ཁ
མཚོ་ཁར,མཚོ་ཁ
མཚོ་མཐར,མཚོ་མཐའ
མཚོ་སྣར,མཚོ་སྣ
མཚོ་པདྨའི,མཚོ་པདྨ
མཚོན་ཆའི,མཚོན་ཆ
མཚོན་ཆར,མཚོན་ཆ
མཚོན་ནས,མཚོན་ན
མཚོན་པའི,མཚོན་པ
མཚོན་པར,མཚོན་པ
མཚོན་པས,མཚོན་པ
མཚོན་བྱའི,མཚོན་བྱ
འཚག་པར,འཚག་པ
འཚང་བར,འཚང་བ
འཚམ་པའི,འཚམ་པ
འཚམ་པར,འཚམ་པ
འཚམ་པས,འཚམ་པ
འཚམས་པའི,འཚམས་པ
འཚམས་པར,འཚམས་པ
འཚར་བའི,འཚར་བ
འཚིག་པའི,འཚིག་པ
འཚུབ་པའི,འཚུབ་པ
འཚུབ་མའི,འཚུབ་མ
འཚེ་བའི,འཚེ་བ
འཚེམ་པར,འཚེམ་པ
འཚེར་བའི,འཚེར་བ
འཚེར་བར,འཚེར་བ
འཚོ་བའི,འཚོ་བ
འཚོ་བར,འཚོ་བ
འཚོ་བས,འཚོ་བ
འཚོ་ཞིང་གནས་པར,འཚོ་ཞིང་གནས་པ
འཚོ་སའི,འཚོ་ས
འཚོག་པའི,འཚོག་པ
འཚོགས་པའི,འཚོགས་པ
འཚོགས་པར,འཚོགས་པ
འཚོགས་སར,འཚོགས་ས
འཚོལ་བའི,འཚོལ་བ
འཚོལ་བར,འཚོལ་བ
ཛ་ཐའི,ཛ་ཐ
ཛ་ཡའི,ཛ་ཡ
མཛངས་པའི,མཛངས་པ
མཛངས་མའི,མཛངས་མ
མཛད་པའི,མཛད་པ
མཛད་པར,མཛད་པ
མཛད་པས,མཛད་པ
མཛའ་བར,མཛའ་བ
མཛེས་ཆར,མཛེས་ཆ
མཛེས་ཆས,མཛེས་ཆ
མཛེས་པའི,མཛེས་པ
མཛེས་པར,མཛེས་པ
མཛེས་པས,མཛེས་པ
མཛེས་མའི,མཛེས་མ
མཛེས་མས,མཛེས་མ
མཛེས་རྩལ་པའི,མཛེས་རྩལ་པ
མཛོད་ལྔའི,མཛོད་ལྔ
མཛོད་རྩའི,མཛོད་རྩ
འཛད་པའི,འཛད་པ
འཛད་སྤྱོད་པའི,འཛད་སྤྱོད་པ
འཛད་སྤྱོད་པས,འཛད་སྤྱོད་པ
འཛིངས་པའི,འཛིངས་པ
འཛིན་གྲྭའི,འཛིན་གྲྭ
འཛིན་གྲྭར,འཛིན་གྲྭ
འཛིན་གྲྭས,འཛིན་གྲྭ
འཛིན་ཆས,འཛིན་ཆ
འཛིན་པའི,འཛིན་པ
འཛིན་པར,འཛིན་པ
འཛིན་པས,འཛིན་པ
འཛིན་མའི,འཛིན་མ
འཛིན་མར,འཛིན་མ
འཛིན་སའི,འཛིན་ས
འཛུག་པར,འཛུག་པ
འཛུགས་པའི,འཛུགས་པ
འཛུགས་པར,འཛུགས་པ
འཛུགས་སའི,འཛུགས་ས
འཛུལ་བས,འཛུལ་བ
འཛེག་པའི,འཛེག་པ
འཛེགས་པའི,འཛེགས་པ
འཛེགས་པར,འཛེགས་པ
འཛེམས་པས,འཛེམས་པ
འཛེར་བས,འཛེར་བ
འཛོམ་པའི,འཛོམ་པ
འཛོམས་པའི,འཛོམས་པ
འཛོམས་པར,འཛོམས་པ
འཛོམས་པས,འཛོམས་པ
འཛོམས་སའི,འཛོམས་ས
འཛོལ་བའི,འཛོལ་བ
རྫ་ཆུ་ཁའི,རྫ་ཆུ་ཁ
རྫ་མའི,རྫ་མ
རྫུ་བའི,རྫུ་བ
རྫུན་པར,རྫུན་པ
རྫུན་མའི,རྫུན་མ
རྫོགས་པའི,རྫོགས་པ
རྫོགས་པར,རྫོགས་པ
རྫོགས་པས,རྫོགས་པ
རྫོང་བའི,རྫོང་བ
རྫོང་བར,རྫོང་བ
རྫོབ་པར,རྫོབ་པ
བརྫངས་པས,བརྫངས་པ
བརྫི་བའི,བརྫི་བ
བརྫིས་པའི,བརྫིས་པ
ཝེར་མའི,ཝེར་མ
ཞ་བའི,ཞ་བ
ཞག་མར,ཞག་མ
ཞགས་པས,ཞགས་པ
ཞན་པའི,ཞན་པ
ཞན་པར,ཞན་པ
ཞན་པས,ཞན་པ
ཞབས་བཏགས་མའི,ཞབས་བཏགས་མ
ཞབས་བཏགས་མར,ཞབས་བཏགས་མ
ཞབས་ཞུ་བའི,ཞབས་ཞུ་བ
ཞི་བདེ་ཉི་མའི,ཞི་བདེ་ཉི་མ
ཞི་བདེ་ཉི་མར,ཞི་བདེ་ཉི་མ
ཞི་བདེ་ཉི་མས,ཞི་བདེ་ཉི་མ
ཞི་བའི,ཞི་བ
ཞི་བར,ཞི་བ
ཞི་བས,ཞི་བ
ཞིག་པས,ཞིག་པ
ཞིང་ཁའི,ཞིང་ཁ
ཞིང་ཁར,ཞིང་ཁ
ཞིང་མཆོག་དམ་པར,ཞིང་མཆོག་དམ་པ
ཞིང་པའི,ཞིང་པ
ཞིང་པར,ཞིང་པ
ཞིང་པས,ཞིང་པ
ཞིང་བའི,ཞིང་བ
ཞིང་བས,ཞིང་བ
ཞིང་རའི,ཞིང་ར
ཞིང་སའི,ཞིང་ས
ཞིང་སར,ཞིང་ས
ཞིབ་འཇུག་པའི,ཞིབ་འཇུག་པ
ཞིབ་འཇུག་པས,ཞིབ་འཇུག་པ
ཞིབ་པའི,ཞིབ་པ
ཞིབ་པར,ཞིབ་པ
ཞིབ་ཕྲའི,ཞིབ་ཕྲ
ཞུ་པའི,ཞུ་པ
ཞུ་པར,ཞུ་པ
ཞུ་པས,ཞུ་པ
ཞུ་བའི,ཞུ་བ
ཞུ་བར,ཞུ་བ
ཞུ་བས,ཞུ་བ
ཞུགས་པའི,ཞུགས་པ
ཞུགས་པར,ཞུགས་པ
ཞུགས་པས,ཞུགས་པ
ཞུས་ཆེན་པའི,ཞུས་ཆེན་པ
ཞུས་པའི,ཞུས་པ
ཞུས་པར,ཞུས་པ
ཞུས་པས,ཞུས་པ
ཞེ་སའི,ཞེ་ས
ཞེ་སར,ཞེ་ས
ཞེན་པའི,ཞེན་པ
ཞེན་པས,ཞེན་པ
ཞེས་པའི,ཞེས་པ
ཞེས་པར,ཞེས་པ
ཞེས་པས,ཞེས་པ
ཞེས་བའི,ཞེས་བ
ཞེས་བྱ་བའི,ཞེས་བྱ་བ
ཞེས་བྱ་བར,ཞེས་བྱ་བ
ཞོགས་ཀས,ཞོགས་ཀ
ཞོགས་པའི,ཞོགས་པ
ཞོགས་པར,ཞོགས་པ
ཞོན་པའི,ཞོན་པ
ཞོལ་པར,ཞོལ་པ
ཞྭ་སྒབ་པའི,ཞྭ་སྒབ་པ
ཞྭ་སྒབ་པས,ཞྭ་སྒབ་པ
ཞྭ་དམར་པའི,ཞྭ་དམར་པ
གཞན་པའི,གཞན་པ
གཞན་པར,གཞན་པ
གཞན་པས,གཞན་པ
གཞན་སེལ་བའི,གཞན་སེལ་བ
གཞན་སེལ་བར,གཞན་སེལ་བ
གཞལ་བའི,གཞལ་བ
གཞི་མར,གཞི་མ
གཞི་རྩའི,གཞི་རྩ
གཞི་རྩར,གཞི་རྩ
གཞི་འཛིན་སར,གཞི་འཛིན་ས
གཞིགས་པའི,གཞིགས་པ
གཞིགས་པས,གཞིགས་པ
གཞིར་བཟུང་བའི,གཞིར་བཟུང་བ
གཞིས་པའི,གཞིས་པ
གཞུག་ནས,གཞུག་ན
གཞུང་བཀའ་པོད་ལྔའི,གཞུང་བཀའ་པོད་ལྔ
གཞུང་ཆེན་པོ་ལྔའི,གཞུང་ཆེན་པོ་ལྔ
གཞུང་མའི,གཞུང་མ
གཞུང་ཞབས་པའི,གཞུང་ཞབས་པ
གཞུང་ཞབས་པར,གཞུང་ཞབས་པ
གཞུང་སའི,གཞུང་ས
གཞེས་པའི,གཞེས་པ
གཞོང་པའི,གཞོང་པ
གཞོན་ནུ་མའི,གཞོན་ནུ་མ
གཞོན་པའི,གཞོན་པ
གཞོན་པར,གཞོན་པ
གཞོན་པས,གཞོན་པ
གཞོལ་བའི,གཞོལ་བ
གཞོལ་བར,གཞོལ་བ
གཞོལ་བས,གཞོལ་བ
བཞག་གས,བཞག་ག
བཞག་ནས,བཞག་ན
བཞག་པའི,བཞག་པ
བཞག་པར,བཞག་པ
བཞག་པས,བཞག་པ
བཞག་བྲའི,བཞག་བྲ
བཞག་སར,བཞག་ས
བཞད་པའི,བཞད་པ
བཞད་པས,བཞད་པ
བཞི་གའི,བཞི་ག
བཞི་བརྒྱར,བཞི་བརྒྱ
བཞི་ལྔའི,བཞི་ལྔ
བཞི་ཆའི,བཞི་ཆ
བཞི་པའི,བཞི་པ
བཞི་པར,བཞི་པ
བཞི་བའི,བཞི་བ
བཞི་བར,བཞི་བ
བཞི་བས,བཞི་བ
བཞིན་པའི,བཞིན་པ
བཞིན་པར,བཞིན་པ
བཞིན་པས,བཞིན་པ
བཞུ་བའི,བཞུ་བ
བཞུ་བར,བཞུ་བ
བཞུ་མར,བཞུ་མ
བཞུགས་པའི,བཞུགས་པ
བཞུགས་པར,བཞུགས་པ
བཞུགས་པས,བཞུགས་པ
བཞུགས་སའི,བཞུགས་ས
བཞུད་པའི,བཞུད་པ
བཞུར་བའི,བཞུར་བ
བཞུས་པའི,བཞུས་པ
བཞེངས་པའི,བཞེངས་པ
བཞེངས་པར,བཞེངས་པ
བཞེངས་པས,བཞེངས་པ
བཞེངས་བའི,བཞེངས་བ
བཞེད་པའི,བཞེད་པ
བཞེད་པར,བཞེད་པ
བཞེས་པའི,བཞེས་པ
བཞེས་པར,བཞེས་པ
བཞེས་པས,བཞེས་པ
བཞོ་བའི,བཞོ་བ
བཞོས་པའི,བཞོས་པ
ཟ་ནས,ཟ་ན
ཟ་བའི,ཟ་བ
ཟ་བར,ཟ་བ
ཟ་བས,ཟ་བ
ཟ་མའི,ཟ་མ
ཟ་ཡས,ཟ་ཡ
ཟ་ལར,ཟ་ལ
ཟ་ལེ་རྒྱའི,ཟ་ལེ་རྒྱ
ཟགས་པའི,ཟགས་པ
ཟགས་པར,ཟགས་པ
ཟད་མཐར,ཟད་མཐའ
ཟད་པའི,ཟད་པ
ཟད་པར,ཟད་པ
ཟད་པས,ཟད་པ
ཟབ་པའི,ཟབ་པ
ཟབ་པར,ཟབ་པ
ཟབ་སར,ཟབ་ས
ཟམ་གདོང་བླ་མས,ཟམ་གདོང་བླ་མ
ཟམ་པའི,ཟམ་པ
ཟམ་པར,ཟམ་པ
ཟམ་མི་ཆད་པར,ཟམ་མི་ཆད་པ
ཟས་ཁར,ཟས་ཁ
ཟིན་པའི,ཟིན་པ
ཟིན་པར,ཟིན་པ
ཟིན་པས,ཟིན་པ
ཟུག་པའི,ཟུག་པ
ཟུམ་པར,ཟུམ་པ
ཟུར་ཆག་པས,ཟུར་ཆག་པ
ཟུར་ལྟའི,ཟུར་ལྟ
ཟུར་ལྟས,ཟུར་ལྟ
ཟུར་ཟའི,ཟུར་ཟ
ཟེགས་མའི,ཟེགས་མ
ཟེར་གས,ཟེར་ག
ཟེར་ནས,ཟེར་ན
ཟེར་བའི,ཟེར་བ
ཟེར་བར,ཟེར་བ
ཟེར་བས,ཟེར་བ
ཟོ་བའི,ཟོ་བ
ཟོར་བའི,ཟོར་བ
ཟོས་པའི,ཟོས་པ
ཟོས་པར,ཟོས་པ
ཟོས་པས,ཟོས་པ
ཟླ་པའི,ཟླ་པ
ཟླ་བ་གྲགས་པར,ཟླ་བ་གྲགས་པ
ཟླ་བ་སྒྲོལ་མའི,ཟླ་བ་སྒྲོལ་མ
ཟླ་བ་སྒྲོལ་མས,ཟླ་བ་སྒྲོལ་མ
ཟླ་བའི,ཟླ་བ
ཟླ་བར,ཟླ་བ
ཟླ་བས,ཟླ་བ
ཟླུམ་པའི,ཟླུམ་པ
ཟློག་པའི,ཟློག་པ
ཟློས་གར་ཚོགས་པའི,ཟློས་གར་ཚོགས་པ
ཟློས་གར་ཚོགས་པས,ཟློས་གར་ཚོགས་པ
གཟབ་པར,གཟབ་པ
གཟབ་མའི,གཟབ་མ
གཟའ་སྤེན་པའི,གཟའ་སྤེན་པ
གཟའ་ཟླ་བའི,གཟའ་ཟླ་བ
གཟར་བའི,གཟར་བ
གཟིགས་པའི,གཟིགས་པ
གཟིགས་པར,གཟིགས་པ
གཟིགས་པས,གཟིགས་པ
གཟིགས་མོ་བའི,གཟིགས་མོ་བ
གཟིར་བས,གཟིར་བ
གཟུགས་ཀྱི་ཉི་མའི,གཟུགས་ཀྱི་ཉི་མ
གཟུང་བར,གཟུང་བ
གཟེངས་སུ་ཐོན་པའི,གཟེངས་སུ་ཐོན་པ
བཟང་པའི,བཟང་པ
བཟང་པས,བཟང་པ
བཟང་བའི,བཟང་བ
བཟང་བར,བཟང་བ
བཟང་བས,བཟང་བ
བཟའ་བཅའི,བཟའ་བཅའ
བཟའ་བའི,བཟའ་བ
བཟའ་བར,བཟའ་བ
བཟའ་བྱར,བཟའ་བྱ
བཟའ་ཟླའི,བཟའ་ཟླ
བཟའ་ཟླས,བཟའ་ཟླ
བཟུང་བའི,བཟུང་བ
བཟུང་བར,བཟུང་བ
བཟེད་པའི,བཟེད་པ
བཟེད་པས,བཟེད་པ
བཟོ་གས,བཟོ་ག
བཟོ་གྲྭའི,བཟོ་གྲྭ
བཟོ་གྲྭར,བཟོ་གྲྭ
བཟོ་གྲྭས,བཟོ་གྲྭ
བཟོ་ནས,བཟོ་ན
བཟོ་པའི,བཟོ་པ
བཟོ་བའི,བཟོ་བ
བཟོ་བར,བཟོ་བ
བཟོ་བཞིན་པའི,བཟོ་བཞིན་པ
བཟོ་ལས,བཟོ་ལ
བཟོ་སའི,བཟོ་ས
བཟོད་གླགས་མེད་པར,བཟོད་གླགས་མེད་པ
བཟོད་པའི,བཟོད་པ
བཟོད་པར,བཟོད་པ
བཟོས་ནས,བཟོས་ན
བཟོས་པའི,བཟོས་པ
བཟོས་པར,བཟོས་པ
བཟོས་པས,བཟོས་པ
བཟློག་པའི,བཟློག་པ
འ་ཞའི,འ་ཞ
འོ་མའི,འོ་མ
འོ་མར,འོ་མ
འོ་མས,འོ་མ
འོག་ནས,འོག་ན
འོག་མའི,འོག་མ
འོག་མར,འོག་མ
འོང་གའི,འོང་ག
འོང་པའི,འོང་པ
འོང་བའི,འོང་བ
འོང་བར,འོང་བ
འོང་བས,འོང་བ
འོངས་པའི,འོངས་པ
འོངས་པར,འོངས་པ
འོངས་པས,འོངས་པ
འོས་པའི,འོས་པ
འོས་པར,འོས་པ
འོས་པས,འོས་པ
ཡ་ང་བའི,ཡ་ང་བ
ཡ་མ་བྲལ་བའི,ཡ་མ་བྲལ་བ
ཡ་མ་བྲལ་བར,ཡ་མ་བྲལ་བ
ཡ་མ་བརླར,ཡ་མ་བརླ
ཡ་མཚན་པའི,ཡ་མཚན་པ
ཡ་མཚན་པར,ཡ་མཚན་པ
ཡ་མཚར་བའི,ཡ་མཚར་བ
ཡག་པའི,ཡག་པ
ཡང་དགར,ཡང་དག
ཡང་ཆས,ཡང་ཆ
ཡང་དག་པའི,ཡང་དག་པ
ཡང་དག་པར,ཡང་དག་པ
ཡང་ནས,ཡང་ན
ཡང་བར,ཡང་བ
ཡང་མ་དག་པའི,ཡང་མ་དག་པ
ཡང་ཚས,ཡང་ཚ
ཡངས་པའི,ཡངས་པ
ཡངས་པར,ཡངས་པ
ཡངས་པས,ཡངས་པ
ཡན་པའི,ཡན་པ
ཡན་པར,ཡན་པ
ཡར་མར,ཡར་མ
ཡལ་གའི,ཡལ་ག
ཡལ་གར,ཡལ་ག
ཡལ་བའི,ཡལ་བ
ཡལ་བར,ཡལ་བ
ཡས་མས,ཡས་མ
ཡི་གར,ཡི་ག
ཡི་གེ་དྲུག་མའི,ཡི་གེ་དྲུག་མ
ཡི་གེའི་སྦྱོར་བས,ཡི་གེའི་སྦྱོར་བ
ཡིག་ཆའི,ཡིག་ཆ
ཡིག་ཆར,ཡིག་ཆ
ཡིག་ཆས,ཡིག་ཆ
ཡིད་སྐྱོ་བའི,ཡིད་སྐྱོ་བ
ཡིད་ཆེས་པའི,ཡིད་ཆེས་པ
ཡིད་ཆེས་སའི,ཡིད་ཆེས་ས
ཡིད་དུ་འོང་བའི,ཡིད་དུ་འོང་བ
ཡིད་པས,ཡིད་པ
ཡིད་སྤྲོ་བའི,ཡིད་སྤྲོ་བ
ཡིད་དབང་འཕྲོག་པར,ཡིད་དབང་འཕྲོག་པ
ཡིད་མི་ཆེས་པར,ཡིད་མི་ཆེས་པ
ཡིད་མུག་པའི,ཡིད་མུག་པ
ཡིད་ཚིམ་པའི,ཡིད་ཚིམ་པ
ཡིད་ཚིམ་པར,ཡིད་ཚིམ་པ
ཡིན་དུས་ཙམ་པར,ཡིན་དུས་ཙམ་པ
ཡིན་ན་ལས,ཡིན་ན་ལ
ཡིན་ནའི,ཡིན་ན
ཡིན་ནའི,ཡིན་ནའ
ཡིན་ནས,ཡིན་ན
ཡིན་ནས,ཡིན་ནའ
ཡིན་པའི,ཡིན་པ
ཡིན་པར,ཡིན་པ
ཡིན་པས,ཡིན་པ
ཡིབ་པའི,ཡིབ་པ
ཡིབ་པར,ཡིབ་པ
ཡུ་བར,ཡུ་བ
ཡུན་རིང་བའི,ཡུན་རིང་བ
ཡུར་བའི,ཡུར་བ
ཡུལ་སྐོར་པའི,ཡུལ་སྐོར་པ
ཡུལ་སྐོར་པས,ཡུལ་སྐོར་པ
ཡུལ་སྐོར་བའི,ཡུལ་སྐོར་བ
ཡུལ་སྐོར་བར,ཡུལ་སྐོར་བ
ཡུལ་སྐོར་བས,ཡུལ་སྐོར་བ
ཡུལ་ལྷའི,ཡུལ་ལྷ
ཡུལ་ལྷར,ཡུལ་ལྷ
ཡེ་ཤེས་དཔལ་བའི,ཡེ་ཤེས་དཔལ་བ
ཡེ་ཤེས་ཟླ་བས,ཡེ་ཤེས་ཟླ་བ
ཡེར་པའི,ཡེར་པ
ཡེར་བའི,ཡེར་བ
ཡོ་གའི,ཡོ་ག
ཡོ་རོབ་ནུབ་མའི,ཡོ་རོབ་ནུབ་མ
ཡོང་ངས,ཡོང་ང
ཡོང་ནས,ཡོང་ན
ཡོང་པའི,ཡོང་པ
ཡོང་པར,ཡོང་པ
ཡོང་བའི,ཡོང་བ
ཡོང་བར,ཡོང་བ
ཡོང་བས,ཡོང་བ
ཡོང་སའི,ཡོང་ས
ཡོངས་པའི,ཡོངས་པ
ཡོངས་སུ་གྲགས་པའི,ཡོངས་སུ་གྲགས་པ
ཡོད་ནས,ཡོད་ན
ཡོད་པའི,ཡོད་པ
ཡོད་པར,ཡོད་པ
ཡོད་པས,ཡོད་པ
ཡོད་སའི,ཡོད་ས
ཡོད་སར,ཡོད་ས
ཡོན་ཏན་པའི,ཡོན་ཏན་པ
ཡོལ་བར,ཡོལ་བ
ཡོལ་བས,ཡོལ་བ
གཡང་གཟར,གཡང་གཟའ
གཡང་སར,གཡང་ས
གཡམ་པའི,གཡམ་པ
གཡར་བའི,གཡར་བ
གཡས་པའི,གཡས་པ
གཡས་པས,གཡས་པ
གཡས་མའི,གཡས་མ
གཡུ་ཐོག་རྙིང་མའི,གཡུ་ཐོག་རྙིང་མ
གཡུག་གས,གཡུག་ག
གཡུར་དུ་ཟ་བའི,གཡུར་དུ་ཟ་བ
གཡུལ་ཁའི,གཡུལ་ཁ
གཡུལ་སའི,གཡུལ་ས
གཡོ་བའི,གཡོ་བ
གཡོ་བར,གཡོ་བ
གཡོ་བས,གཡོ་བ
གཡོག་པའི,གཡོག་པ
གཡོག་པར,གཡོག་པ
གཡོགས་པའི,གཡོགས་པ
གཡོགས་པར,གཡོགས་པ
གཡོན་པའི,གཡོན་པ
གཡོན་མས,གཡོན་མ
གཡོལ་བའི,གཡོལ་བ
གཡོས་པས,གཡོས་པ
ར་འགྱུར་བའི,ར་འགྱུར་བ
ར་བའི,ར་བ
ར་བར,ར་བ
ར་མར,ར་མ
ར་ཤི་ཡའི,ར་ཤི་ཡ
རག་པའི,རག་པ
རག་པར,རག་པ
རག་པས,རག་པ
རག་ལས་པའི,རག་ལས་པ
རག་ལས་པར,རག་ལས་པ
རག་ལས་པས,རག་ལས་པ
རགས་པའི,རགས་པ
རགས་པར,རགས་པ
རགས་པས,རགས་པ
རང་རྐྱ་འཕེར་བའི,རང་རྐྱ་འཕེར་བ
རང་ག་བའི,རང་ག་བ
རང་ག་བར,རང་ག་བ
རང་ག་བས,རང་ག་བ
རང་སྒྲར,རང་སྒྲ
རང་འདུན་པའི,རང་འདུན་པ
རང་དབང་བའི,རང་དབང་བ
རང་དབང་མེད་པར,རང་དབང་མེད་པ
རང་མཚན་པའི,རང་མཚན་པ
རང་སའི,རང་ས
རང་སར,རང་ས
རན་པའི,རན་པ
རན་པར,རན་པ
རབ་ཁའི,རབ་ཁ
རབ་དགའི,རབ་དགའ
རབ་ཏུ་བྱུང་བའི,རབ་ཏུ་བྱུང་བ
རབ་ཏུ་བྱུང་བར,རབ་ཏུ་བྱུང་བ
རབ་ཏུ་བྱུང་བས,རབ་ཏུ་བྱུང་བ
རབ་དང་རིམ་པའི,རབ་དང་རིམ་པ
རབ་དང་རིམ་པར,རབ་དང་རིམ་པ
རབ་བྱུང་བའི,རབ་བྱུང་བ
རབ་འབྱམས་པའི,རབ་འབྱམས་པ
རམས་པའི,རམས་པ
རམས་པར,རམས་པ
རལ་པས,རལ་པ
རས་པའི,རས་པ
རི་ཁའི,རི་ཁ
རི་ཁར,རི་ཁ
རི་ཁྲོད་པའི,རི་ཁྲོད་པ
རི་དྭགས་རྔོན་པའི,རི་དྭགས་རྔོན་པ
རི་བོ་རྩེ་ལྔའི,རི་བོ་རྩེ་ལྔ
རི་བོ་རྩེ་ལྔར,རི་བོ་རྩེ་ལྔ
རིག་གནས་དྲ་བས,རིག་གནས་དྲ་བ
རིག་གནས་པའི,རིག་གནས་པ
རིག་པ་བས,རིག་པ་བ
རིག་པའི,རིག་པ
རིག་པར,རིག་པ
རིག་པས,རིག་པ
རིགས་བརྒྱའི,རིགས་བརྒྱ
རིགས་ལྔའི,རིགས་ལྔ
རིགས་པའི,རིགས་པ
རིགས་པར,རིགས་པ
རིགས་པས,རིགས་པ
རིང་བའི,རིང་བ
རིང་བར,རིང་བ
རིང་བས,རིང་བ
རིང་ལུགས་པའི,རིང་ལུགས་པ
རིང་ལུགས་པར,རིང་ལུགས་པ
རིང་ལུགས་པས,རིང་ལུགས་པ
རིན་ཆེན་སྣ་ལྔའི,རིན་ཆེན་སྣ་ལྔ
རིན་ཆེན་འཕྲེང་བའི,རིན་ཆེན་འཕྲེང་བ
རིན་ཐང་ལྡན་པའི,རིན་ཐང་ལྡན་པ
རིམ་པའི,རིམ་པ
རིམ་པར,རིམ་པ
རིམ་པས,རིམ་པ
རུ་རྟའི,རུ་རྟ
རུང་བའི,རུང་བ
རུང་བར,རུང་བ
རུབ་པའི,རུབ་པ
རུམ་བཏེག་བཤད་གྲྭའི,རུམ་བཏེག་བཤད་གྲྭ
རུམ་པའི,རུམ་པ
རུལ་བར,རུལ་བ
རུས་པའི,རུས་པ
རུས་པར,རུས་པ
རུས་པས,རུས་པ
རེ་འགའི,རེ་འག
རེ་འགའི,རེ་འགའ
རེ་འགར,རེ་འག
རེ་འགར,རེ་འགའ
རེ་འགས,རེ་འག
རེ་འགས,རེ་འགའ
རེ་ལྔའི,རེ་ལྔ
རེ་བའི,རེ་བ
རེ་བར,རེ་བ
རེ་བས,རེ་བ
རེག་པའི,རེག་པ
རེག་བྱའི,རེག་བྱ
རེག་བྱས,རེག་བྱ
རེད་མདའ་བས,རེད་མདའ་བ
རེད་པར,རེད་པ
རེད་པས,རེད་པ
རེད་བས,རེད་བ
རེམ་པར,རེམ་པ
རེའུ་རྔས,རེའུ་རྔ
རེས་མས,རེས་མ
རོ་སྐྱུར་བའི,རོ་སྐྱུར་བ
རོ་མངར་བའི,རོ་མངར་བ
རོ་མའི,རོ་མ
རོ་མས,རོ་མ
རོགས་པའི,རོགས་པ
རོགས་པར,རོགས་པ
རོགས་ཟླར,རོགས་ཟླ
རོང་བའི,རོང་བ
རོང་བར,རོང་བ
རོང་སར,རོང་ས
རོལ་ཆའི,རོལ་ཆ
རོལ་ཆས,རོལ་ཆ
རོལ་བའི,རོལ་བ
རོལ་བར,རོལ་བ
རོལ་བས,རོལ་བ
རོལ་བཞིན་པའི,རོལ་བཞིན་པ
རྭ་རྒྱ་དགོན་པར,རྭ་རྒྱ་དགོན་པ
རྭ་རྒྱར,རྭ་རྒྱ
རླངས་པའི,རླངས་པ
རླངས་པར,རླངས་པ
རླངས་པས,རླངས་པ
རླབས་ཆེ་བའི,རླབས་ཆེ་བ
རླབས་པའི,རླབས་པ
རླུང་རྟའི,རླུང་རྟ
རླུང་ཤར,རླུང་ཤ
རླུང་ཤས,རླུང་ཤ
རློན་པའི,རློན་པ
རློམ་པའི,རློམ་པ
རློམ་པས,རློམ་པ
བརླ་ཤའི,བརླ་ཤ
བརླག་པའི,བརླག་པ
བརླགས་པར,བརླགས་པ
བརླན་པའི,བརླན་པ
བརླན་པར,བརླན་པ
བརླབ་པར,བརླབ་པ
བརླབས་པའི,བརླབས་པ
བརླིང་བའི,བརླིང་བ
ལ་ཁར,ལ་ཁ
ལ་རྒྱའི,ལ་རྒྱ
ལ་རྒྱར,ལ་རྒྱ
ལ་རྒྱས,ལ་རྒྱ
ལ་ཆས,ལ་ཆ
ལ་དྭགས་པས,ལ་དྭགས་པ
ལ་བར,ལ་བ
ལ་མར,ལ་མ
ལ་ལའི,ལ་ལ
ལ་ལར,ལ་ལ
ལ་ལས,ལ་ལ
ལ་སོགས་པའི,ལ་སོགས་པ
ལ་སོགས་པར,ལ་སོགས་པ
ལ་སོགས་པས,ལ་སོགས་པ
ལག་ཆར,ལག་ཆ
ལག་ནས,ལག་ན
ལག་པའི,ལག་པ
ལག་པར,ལག་པ
ལག་པས,ལག་པ
ལག་དམར,ལག་དམ
ལག་རྩལ་པས,ལག་རྩལ་པ
ལང་ཀར,ལང་ཀ
ལངས་པའི,ལངས་པ
ལངས་པས,ལངས་པ
ལབ་གས,ལབ་ག
ལབ་ནས,ལབ་ན
ལབ་པས,ལབ་པ
ལམ་ཁའི,ལམ་ཁ
ལམ་ཁར,ལམ་ཁ
ལམ་བར,ལམ་བ
ལམ་དབུ་མས,ལམ་དབུ་མ
ལས་ཀ་བའི,ལས་ཀ་བ
ལས་ཀའི,ལས་ཀ
ལས་ཀར,ལས་ཀ
ལས་གྲྭའི,ལས་གྲྭ
ལས་གྲྭར,ལས་གྲྭ
ལས་གྲྭས,ལས་གྲྭ
ལས་གླར,ལས་གླ
ལས་རྒྱས,ལས་རྒྱ
ལས་སྒྲུབ་པས,ལས་སྒྲུབ་པ
ལས་པའི,ལས་པ
ལས་བྱའི,ལས་བྱ
ལས་བྱར,ལས་བྱ
ལས་བྱེད་པའི,ལས་བྱེད་པ
ལས་བྱེད་པར,ལས་བྱེད་པ
ལས་བྱེད་པས,ལས་བྱེད་པ
ལས་འཛིན་པའི,ལས་འཛིན་པ
ལས་བཟོ་པའི,ལས་བཟོ་པ
ལས་བཟོ་པར,ལས་བཟོ་པ
ལས་བཟོ་པས,ལས་བཟོ་པ
ལས་བཟོ་བའི,ལས་བཟོ་བ
ལས་བཟོ་བར,ལས་བཟོ་བ
ལས་སླ་བའི,ལས་སླ་བ
ལི་མིག་སྐྱའི,ལི་མིག་སྐྱ
ལི་མིག་རྒྱའི,ལི་མིག་རྒྱ
ལི་མིག་རྒྱར,ལི་མིག་རྒྱ
ལུ་ཧི་པའི,ལུ་ཧི་པ
ལུག་རར,ལུག་ར
ལུང་པའི,ལུང་པ
ལུང་པར,ལུང་པ
ལུང་པས,ལུང་པ
ལུང་བའི,ལུང་བ
ལུད་པའི,ལུད་པ
ལུད་པར,ལུད་པ
ལུས་པའི,ལུས་པ
ལུས་རྩལ་པའི,ལུས་རྩལ་པ
ལུས་རྩལ་པར,ལུས་རྩལ་པ
ལུས་རྩལ་བའི,ལུས་རྩལ་བ
ལེགས་ཆར,ལེགས་ཆ
ལེགས་ཆས,ལེགས་ཆ
ལེགས་པའི,ལེགས་པ
ལེགས་པར,ལེགས་པ
ལེགས་པས,ལེགས་པ
ལེན་གས,ལེན་ག
ལེན་ཐུབ་པའི,ལེན་ཐུབ་པ
ལེན་པའི,ལེན་པ
ལེན་པར,ལེན་པ
ལེན་སའི,ལེན་ས
ལོ་འགའི,ལོ་འག
ལོ་འགའི,ལོ་འགའ
ལོ་རྒྱུས་རིག་པའི,ལོ་རྒྱུས་རིག་པ
ལོ་རྒྱུས་རིག་པར,ལོ་རྒྱུས་རིག་པ
ལོ་བརྒྱའི,ལོ་བརྒྱ
ལོ་ལྔའི,ལོ་ལྔ
ལོ་ལྔར,ལོ་ལྔ
ལོ་ནའི,ལོ་ན
ལོ་ནར,ལོ་ན
ལོ་ནས,ལོ་ན
ལོ་བའི,ལོ་བ
ལོ་བར,ལོ་བ
ལོ་མའི,ལོ་མ
ལོ་མས,ལོ་མ
ལོ་ཙཱ་བའི,ལོ་ཙཱ་བ
ལོ་ཙཱ་བར,ལོ་ཙཱ་བ
ལོ་ཙཱ་བས,ལོ་ཙཱ་བ
ལོ་ཟླའི,ལོ་ཟླ
ལོ་སར,ལོ་ས
ལོ་གསར་པའི,ལོ་གསར་པ
ལོ་གསར་བའི,ལོ་གསར་བ
ལོག་པའི,ལོག་པ
ལོག་པར,ལོག་པ
ལོག་པས,ལོག་པ
ལོང་བའི,ལོང་བ
ལོང་བར,ལོང་བ
ལོངས་པའི,ལོངས་པ
ལོངས་སྤྱོད་པའི,ལོངས་སྤྱོད་པ
ལོངས་སུ་སྤྱོད་པར,ལོངས་སུ་སྤྱོད་པ
ལོན་པའི,ལོན་པ
ལོན་པར,ལོན་པ
ལོན་པས,ལོན་པ
ལོབས་པར,ལོབས་པ
ལྭ་བའི,ལྭ་བ
ཤ་བའི,ཤ་བ
ཤ་མར,ཤ་མ
ཤ་ཚ་བའི,ཤ་ཚ་བ
ཤ་ཚའི,ཤ་ཚ
ཤཀྱཱ་ཐུབ་པའི,ཤཀྱཱ་ཐུབ་པ
ཤད་མའི,ཤད་མ
ཤན་པའི,ཤན་པ
ཤན་འབྱེད་པའི,ཤན་འབྱེད་པ
ཤན་ཞུགས་པའི,ཤན་ཞུགས་པ
ཤམ་བྷ་ལའི,ཤམ་བྷ་ལ
ཤར་ནས,ཤར་ན
ཤར་པའི,ཤར་པ
ཤར་བའི,ཤར་བ
ཤར་བར,ཤར་བ
ཤར་མའི,ཤར་མ
ཤར་མར,ཤར་མ
ཤར་རྫའི,ཤར་རྫ
ཤཱཀྱ་ཐུབ་པའི,ཤཱཀྱ་ཐུབ་པ
ཤཱཀྱ་ཐུབ་པས,ཤཱཀྱ་ཐུབ་པ
ཤི་ཁར,ཤི་ཁ
ཤི་བའི,ཤི་བ
ཤི་བར,ཤི་བ
ཤི་ལོག་སྒྲོལ་མས,ཤི་ལོག་སྒྲོལ་མ
ཤིང་ཆའི,ཤིང་ཆ
ཤིང་ཆས,ཤིང་ཆ
ཤིང་ཏ་ལའི,ཤིང་ཏ་ལ
ཤིན་ཏུ་ཆེ་བའི,ཤིན་ཏུ་ཆེ་བ
ཤིས་པའི,ཤིས་པ
ཤུག་པའི,ཤུག་པ
ཤུག་པར,ཤུག་པ
ཤུག་པས,ཤུག་པ
ཤུག་ར་དགོན་པའི,ཤུག་ར་དགོན་པ
ཤུགས་ཆེ་བར,ཤུགས་ཆེ་བ
ཤུགས་སྣོན་པའི,ཤུགས་སྣོན་པ
ཤུགས་སྣོན་པར,ཤུགས་སྣོན་པ
ཤུད་པའི,ཤུད་པ
ཤུན་པའི,ཤུན་པ
ཤེས་ལྡན་པའི,ཤེས་ལྡན་པ
ཤེས་ལྡན་པར,ཤེས་ལྡན་པ
ཤེས་པའི,ཤེས་པ
ཤེས་པར,ཤེས་པ
ཤེས་པས,ཤེས་པ
ཤེས་བྱའི,ཤེས་བྱ
ཤེས་བྱར,ཤེས་བྱ
ཤེས་བྱས,ཤེས་བྱ
ཤེས་ཡོན་པའི,ཤེས་ཡོན་པ
ཤོ་ལོ་ཀའི,ཤོ་ལོ་ཀ
ཤོག་བར,ཤོག་བ
ཤོང་བའི,ཤོང་བ
ཤོད་པའི,ཤོད་པ
ཤོད་ཡས,ཤོད་ཡ
ཤོར་ནས,ཤོར་ན
ཤོར་པའི,ཤོར་པ
ཤོར་བའི,ཤོར་བ
ཤོར་བར,ཤོར་བ
ཤོར་བས,ཤོར་བ
ཤྰཀྱ་ཐུབ་པའི,ཤྰཀྱ་ཐུབ་པ
ཤྰཀྱ་ཐུབ་པས,ཤྰཀྱ་ཐུབ་པ
གཤིན་སར,གཤིན་ས
གཤིས་ཀའི,གཤིས་ཀ
གཤིས་ཀར,གཤིས་ཀ
གཤེ་བར,གཤེ་བ
གཤེགས་པའི,གཤེགས་པ
གཤེགས་པས,གཤེགས་པ
གཤེན་རབ་པའི,གཤེན་རབ་པ
བཤད་ཀྱིན་པའི,བཤད་ཀྱིན་པ
བཤད་གྲྭའི,བཤད་གྲྭ
བཤད་གྲྭར,བཤད་གྲྭ
བཤད་ནས,བཤད་ན
བཤད་པའི,བཤད་པ
བཤད་པར,བཤད་པ
བཤད་པས,བཤད་པ
བཤམ་པར,བཤམ་པ
བཤམས་པའི,བཤམས་པ
བཤམས་པར,བཤམས་པ
བཤལ་བའི,བཤལ་བ
བཤས་རའི,བཤས་ར
བཤུས་པའི,བཤུས་པ
ས་ཀའི,ས་ཀ
ས་སྐྱ་པའི,ས་སྐྱ་པ
ས་སྐྱ་པར,ས་སྐྱ་པ
ས་སྐྱ་བའི,ས་སྐྱ་བ
ས་སྐྱའི,ས་སྐྱ
ས་སྐྱར,ས་སྐྱ
ས་སྐྱས,ས་སྐྱ
ས་ཁར,ས་ཁ
ས་ཁྲའི,ས་ཁྲ
ས་ག་ཟླ་བའི,ས་ག་ཟླ་བ
ས་ཆའི,ས་ཆ
ས་ཆར,ས་ཆ
ས་ཆས,ས་ཆ
ས་མཐའི,ས་མཐའ
ས་མཐར,ས་མཐའ
ས་ནས,ས་ན
ས་པའི,ས་པ
ས་རྫའི,ས་རྫ
ས་ཟླའི,ས་ཟླ
ས་ར་ཧའི,ས་ར་ཧ
ས་ལས,ས་ལ
སངས་རྒྱས་བསྟན་པའི,སངས་རྒྱས་བསྟན་པ
སངས་རྒྱས་པའི,སངས་རྒྱས་པ
སངས་རྒྱས་སྨན་བླའི,སངས་རྒྱས་སྨན་བླ
སངས་རྒྱས་སྨན་བླས,སངས་རྒྱས་སྨན་བླ
སད་པའི,སད་པ
སད་པར,སད་པ
སའི་གོ་ལའི,སའི་གོ་ལ
སའི་གོ་ལར,སའི་གོ་ལ
སཱ་པུ་རུས་ཡས,སཱ་པུ་རུས་ཡ
སཱ་ལའི,སཱ་ལ
སིང་པའི,སིང་པ
སིང་པས,སིང་པ
སིམ་པའི,སིམ་པ
སིམ་པས,སིམ་པ
སུམ་བརྒྱའི,སུམ་བརྒྱ
སུམ་ཅུ་པའི,སུམ་ཅུ་པ
སུམ་ཅུ་བའི,སུམ་ཅུ་བ
སུམ་ཆའི,སུམ་ཆ
སུམ་པའི,སུམ་པ
སེ་རའི,སེ་ར
སེང་བས,སེང་བ
སེམས་སྐྱོ་བའི,སེམས་སྐྱོ་བ
སེམས་པའི,སེམས་པ
སེམས་པར,སེམས་པ
སེམས་པས,སེམས་པ
སེམས་ཙམ་པའི,སེམས་ཙམ་པ
སེམས་རྩར,སེམས་རྩ
སེམས་ལས,སེམས་ལ
སེར་ཀར,སེར་ཀ
སེར་སྐྱའི,སེར་སྐྱ
སེར་སྣས,སེར་སྣ
སེར་བའི,སེར་བ
སེར་བར,སེར་བ
སེར་ཤས,སེར་ཤ
སེལ་པའི,སེལ་པ
སེལ་པར,སེལ་པ
སེལ་བའི,སེལ་བ
སེལ་བར,སེལ་བ
སེལ་བས,སེལ་བ
སོ་མའི,སོ་མ
སོ་རས,སོ་ར
སོ་གསུམ་པར,སོ་གསུམ་པ
སོག་པའི,སོག་པ
སོག་མའི,སོག་མ
སོགས་པའི,སོགས་པ
སོགས་པར,སོགས་པ
སོགས་པས,སོགས་པ
སོང་ངས,སོང་ང
སོང་ནས,སོང་ན
སོང་པས,སོང་པ
སོང་བའི,སོང་བ
སོང་བར,སོང་བ
སོང་བས,སོང་བ
སོན་པའི,སོན་པ
སོན་པར,སོན་པ
སོན་མ་ཐག་པའི,སོན་མ་ཐག་པ
སོན་རྩར,སོན་རྩ
སོལ་བའི,སོལ་བ
སོས་པའི,སོས་པ
སོས་པར,སོས་པ
སྲ་བའི,སྲ་བ
སྲ་བར,སྲ་བ
སྲ་བས,སྲ་བ
སྲན་མའི,སྲན་མ
སྲབ་པར,སྲབ་པ
སྲིད་སྐྱོང་བའི,སྲིད་སྐྱོང་བ
སྲིད་མཐའི,སྲིད་མཐའ
སྲིད་མཐར,སྲིད་མཐའ
སྲིད་པའི,སྲིད་པ
སྲིད་པར,སྲིད་པ
སྲིད་པས,སྲིད་པ
སྲུང་བའི,སྲུང་བ
སྲུང་བར,སྲུང་བ
སྲུང་མའི,སྲུང་མ
སྲུང་མར,སྲུང་མ
སྲུང་མས,སྲུང་མ
སྲུབ་པར,སྲུབ་པ
སྲེ་བའི,སྲེ་བ
སྲེ་བར,སྲེ་བ
སྲེག་པའི,སྲེག་པ
སྲེག་པར,སྲེག་པ
སྲེག་པས,སྲེག་པ
སྲེད་པའི,སྲེད་པ
སྲོག་རྩར,སྲོག་རྩ
སྲོལ་གཏོད་པའི,སྲོལ་གཏོད་པ
སླ་ངའི,སླ་ང
སླ་བའི,སླ་བ
སླ་བར,སླ་བ
སླ་བས,སླ་བ
སླད་མར,སླད་མ
སླས་པའི,སླས་པ
སླེབ་པའི,སླེབ་པ
སླེབས་པའི,སླེབས་པ
སླེབས་པར,སླེབས་པ
སླེབས་པས,སླེབས་པ
སློ་མར,སློ་མ
སློག་པའི,སློག་པ
སློག་པར,སློག་པ
སློང་བའི,སློང་བ
སློང་བར,སློང་བ
སློང་མོ་པའི,སློང་མོ་པ
སློབ་གྲྭ་བར,སློབ་གྲྭ་བ
སློབ་གྲྭའི,སློབ་གྲྭ
སློབ་གྲྭར,སློབ་གྲྭ
སློབ་གྲྭས,སློབ་གྲྭ
སློབ་ཆེན་པའི,སློབ་ཆེན་པ
སློབ་ཆེན་པས,སློབ་ཆེན་པ
སློབ་གཉེར་པའི,སློབ་གཉེར་པ
སློབ་སྟོན་པའི,སློབ་སྟོན་པ
སློབ་པའི,སློབ་པ
སློབ་པར,སློབ་པ
སློབ་པས,སློབ་པ
སློབ་མའི,སློབ་མ
སློབ་མར,སློབ་མ
སློབ་མས,སློབ་མ
སློབ་རའི,སློབ་ར
སློབ་རྭའི,སློབ་རྭ
གསང་རྒྱའི,གསང་རྒྱ
གསང་པར,གསང་པ
གསང་བའི,གསང་བ
གསང་བར,གསང་བ
གསད་པར,གསད་པ
གསན་པའི,གསན་པ
གསན་པས,གསན་པ
གསར་སྐྱེས་པའི,གསར་སྐྱེས་པ
གསར་འགོད་པའི,གསར་འགོད་པ
གསར་འགོད་པར,གསར་འགོད་པ
གསར་འགོད་པས,གསར་འགོད་པ
གསར་འགྱུར་དྲ་བའི,གསར་འགྱུར་དྲ་བ
གསར་པའི,གསར་པ
གསར་པར,གསར་པ
གསར་པས,གསར་པ
གསར་བའི,གསར་བ
གསར་བར,གསར་བ
གསར་མའི,གསར་མ
གསལ་པར,གསལ་པ
གསལ་བའི,གསལ་བ
གསལ་བར,གསལ་བ
གསལ་བས,གསལ་བ
གསས་མཁར་མཆོག་ལྔའི,གསས་མཁར་མཆོག་ལྔ
གསུང་ནས,གསུང་ན
གསུང་པའི,གསུང་པ
གསུང་པས,གསུང་པ
གསུང་བའི,གསུང་བ
གསུང་བར,གསུང་བ
གསུང་བས,གསུང་བ
གསུང་སའི,གསུང་ས
གསུངས་པའི,གསུངས་པ
གསུངས་པར,གསུངས་པ
གསུངས་པས,གསུངས་པ
གསུངས་བའི,གསུངས་བ
གསུམ་གར,གསུམ་ག
གསུམ་ཆའི,གསུམ་ཆ
གསུམ་པའི,གསུམ་པ
གསུམ་པར,གསུམ་པ
གསུམ་པས,གསུམ་པ
གསུས་པའི,གསུས་པ
གསེར་ཁང་བས,གསེར་ཁང་བ
གསེར་རྟའི,གསེར་རྟ
གསེར་དམར,གསེར་དམ
གསོ་བའི,གསོ་བ
གསོ་བར,གསོ་བ
གསོ་བྱེད་པའི,གསོ་བྱེད་པ
གསོག་པའི,གསོག་པ
གསོད་པའི,གསོད་པ
གསོད་པར,གསོད་པ
གསོན་པའི,གསོན་པ
གསོལ་བའི,གསོལ་བ
གསོལ་བར,གསོལ་བ
གསོལ་བས,གསོལ་བ
གསོས་པའི,གསོས་པ
བསགས་པའི,བསགས་པ
བསགས་པར,བསགས་པ
བསང་གཏོང་བའི,བསང་གཏོང་བ
བསངས་པའི,བསངས་པ
བསད་པའི,བསད་པ
བསད་པས,བསད་པ
བསམ་གཏན་ཕུག་པའི,བསམ་གཏན་ཕུག་པ
བསམ་ནས,བསམ་ན
བསམ་པའི,བསམ་པ
བསམ་པར,བསམ་པ
བསམ་པས,བསམ་པ
བསམ་བློ་པའི,བསམ་བློ་པ
བསམ་ཡས,བསམ་ཡ
བསམས་ནས,བསམས་ན
བསམས་པས,བསམས་པ
བསལ་བའི,བསལ་བ
བསལ་བར,བསལ་བ
བསིལ་བའི,བསིལ་བ
བསིལ་བས,བསིལ་བ
བསིལ་མས,བསིལ་མ
བསུ་བའི,བསུ་བ
བསུ་བར,བསུ་བ
བསུ་མའི,བསུ་མ
བསུབ་པར,བསུབ་པ
བསུབ་པས,བསུབ་པ
བསུམ་པའི,བསུམ་པ
བསུམས་པའི,བསུམས་པ
བསུས་པའི,བསུས་པ
བསོས་པའི,བསོས་པ
བསྲིངས་པས,བསྲིངས་པ
བསྲུང་བའི,བསྲུང་བ
བསྲུང་བར,བསྲུང་བ
བསྲུབས་པའི,བསྲུབས་པ
བསྲེག་པའི,བསྲེག་པ
བསྲེག་པས,བསྲེག་པ
བསྲེགས་པའི,བསྲེགས་པ
བསྲེས་པའི,བསྲེས་པ
བསྲེས་པས,བསྲེས་པ
བསླངས་པའི,བསླངས་པ
བསླད་པའི,བསླད་པ
བསླབ་པའི,བསླབ་པ
བསླབ་བྱའི,བསླབ་བྱ
བསླབས་པའི,བསླབས་པ
བསླབས་པར,བསླབས་པ
བསླབས་པས,བསླབས་པ
བསླས་པའི,བསླས་པ
བསླུ་བའི,བསླུ་བ
བསླུ་བར,བསླུ་བ
བསླུས་པས,བསླུས་པ
བསླེབས་པའི,བསླེབས་པ
བསླེབས་པར,བསླེབས་པ
བསློགས་པའི,བསློགས་པ
ཧ་གོ་ནས,ཧ་གོ་ན
ཧ་གོ་བས,ཧ་གོ་བ
ཧ་མ་གོ་བར,ཧ་མ་གོ་བ
ཧ་ལས་པའི,ཧ་ལས་པ
ཧ་ལས་པར,ཧ་ལས་པ
ཧན་ནུབ་མའི,ཧན་ནུབ་མ
ཧམ་པས,ཧམ་པ
ཧི་མ་ལ་ཡའི,ཧི་མ་ལ་ཡ
ཧུར་སྒྲའི,ཧུར་སྒྲ
ཧེ་རུ་ཀའི,ཧེ་རུ་ཀ
ལྷ་ཆོས་རིག་པའི,ལྷ་ཆོས་རིག་པ
ལྷ་འབེབས་པའི,ལྷ་འབེབས་པ
ལྷ་རམས་པའི,ལྷ་རམས་པ
ལྷ་རིས་པས,ལྷ་རིས་པ
ལྷ་སའི,ལྷ་ས
ལྷ་སར,ལྷ་ས
ལྷ་སས,ལྷ་ས
ལྷག་པའི,ལྷག་པ
ལྷག་པར,ལྷག་པ
ལྷག་མའི,ལྷག་མ
ལྷག་མར,ལྷག་མ
ལྷགས་པའི,ལྷགས་པ
ལྷགས་པར,ལྷགས་པ
ལྷགས་པས,ལྷགས་པ
ལྷད་མེད་པའི,ལྷད་མེད་པ
ལྷས་མར,ལྷས་མ
ལྷུག་པར,ལྷུག་པ
ལྷུག་པས,ལྷུག་པ
ལྷུང་བའི,ལྷུང་བ
ལྷུང་བར,ལྷུང་བ
ལྷུང་བས,ལྷུང་བ
ལྷུན་གྱིས་གྲུབ་པའི,ལྷུན་གྱིས་གྲུབ་པ
ལྷུར་བླངས་པའི,ལྷུར་བླངས་པ
ལྷུར་ལེན་པའི,ལྷུར་ལེན་པ
ལྷུར་ལེན་པར,ལྷུར་ལེན་པ
ལྷོ་ཁའི,ལྷོ་ཁ
ལྷོ་མའི,ལྷོ་མ
ལྷོད་པའི,ལྷོད་པ
ལྷོད་པར,ལྷོད་པ
ལྷོད་པས,ལྷོད་པ
ཨ་ཐང་ཆད་པའི,ཨ་ཐང་ཆད་པ
ཨ་མདོ་བའི,ཨ་མདོ་བ
ཨ་ཕའི,ཨ་ཕ
ཨ་ཕར,ཨ་ཕ
ཨ་ཕས,ཨ་ཕ
ཨ་བས,ཨ་བ
ཨ་བི་ཁའི,ཨ་བི་ཁ
ཨ་བྲའི,ཨ་བྲ
ཨ་བྲས,ཨ་བྲ
ཨ་མའི,ཨ་མ
ཨ་མར,ཨ་མ
ཨ་མས,ཨ་མ
ཨ་མེ་རི་ཁའི,ཨ་མེ་རི་ཁ
ཨ་ཙ་རས,ཨ་ཙ་ར
ཨ་ཡས,ཨ་ཡ
ཨ་ར་པ་ཙའི,ཨ་ར་པ་ཙ
ཨ་རུ་རའི,ཨ་རུ་ར
ཨ་ལས,ཨ་ལ
ཨ་ཧྥེ་རི་ཀའི,ཨ་ཧྥེ་རི་ཀ
ཨ་ཧྥེ་རི་ཁའི,ཨ་ཧྥེ་རི་ཁ
ཨང་བཞི་པར,ཨང་བཞི་པ
ཨུད་པ་ལས,ཨུད་པ་ལ
ཨེ་ནས,ཨེ་ན
ཨེ་ཤ་ཡའི,ཨེ་ཤ་ཡ
ཨེ་ཤི་ཡའི,ཨེ་ཤི་ཡ
ཨེ་ཤེ་ཡའི,ཨེ་ཤེ་ཡ
ཨོ་རྒྱན་པདྨའི,ཨོ་རྒྱན་པདྨ
ཨོ་ཅུས་མས,ཨོ་ཅུས་མ
ཨོ་སི་ཁྲུ་ལི་ཡའི,ཨོ་སི་ཁྲུ་ལི་ཡ
ཨོང་ཤའི,ཨོང་ཤ